"","bodyid","glomerulus","soma_side","modality","cable.length.um","presyn.glom","presyn"
"1",1606205114,"DL3","contralateral","olfactory",40.7186945666271,30,30
"2",1636558008,"DM3","contralateral","olfactory",113.39555028291,36,36
"3",1666932704,"DM2","ipsilateral","olfactory",51.7156742061515,18,18
"4",1667281936,"DM6","ipsilateral","olfactory",70.5131159594868,50,52
"5",1670286505,"DL4","contralateral","olfactory",45.9062589295025,26,27
"6",1670934229,"DL4","contralateral","olfactory",59.6882960947702,28,28
"7",1670938273,"DL4","contralateral","olfactory",67.5090499622116,28,29
"8",1671271225,"DL4","contralateral","olfactory",76.4298855944946,36,36
"9",1671279198,"DL3","contralateral","olfactory",25.7887013993469,29,30
"10",1671603328,"DL3","contralateral","olfactory",45.2944914443777,40,41
"11",1671944099,"DL3","contralateral","olfactory",30.2835009824206,25,25
"12",1671970331,"DA1","contralateral","olfactory",108.650899997996,53,53
"13",1700613707,"DL1",NA,"olfactory",47.6015780946087,25,25
"14",1701999467,"DM3","contralateral","olfactory",86.7123109086279,38,39
"15",1734355466,"DA1","ipsilateral","olfactory",90.7442634040916,61,64
"16",1735382453,"DA1","contralateral","olfactory",37.2182702422259,31,31
"17",1762325266,"VL2a","contralateral","olfactory",44.9633478823168,30,30
"18",1764703462,"DA1","contralateral","olfactory",59.9657494842418,53,54
"19",1791443060,"DM2","ipsilateral","olfactory",27.3203483670447,5,5
"20",1791728189,"DM4",NA,"olfactory",152.754119710054,77,81
"21",1791784074,"DM2","ipsilateral","olfactory",81.1200482705082,39,39
"22",1793152975,"DM2","ipsilateral","olfactory",161.945331107938,66,67
"23",1794448441,"DM2",NA,"olfactory",54.5838952843802,28,30
"24",1794456937,"DM2",NA,"olfactory",27.2904978012625,7,7
"25",1797444052,"DA1",NA,"olfactory",42.5979163503528,15,15
"26",1824805341,"DM2",NA,"olfactory",182.005497332119,56,56
"27",1825137958,"DM2",NA,"olfactory",60.1716087869114,24,24
"28",1825146110,"DM2",NA,"olfactory",159.766631646735,71,75
"29",1826169618,"DM2",NA,"olfactory",139.805446748918,81,83
"30",1827451271,"DA1","ipsilateral","olfactory",108.049392556011,55,55
"31",1855844720,"DM2",NA,"olfactory",131.679176859722,71,71
"32",1855848320,"DM2",NA,"olfactory",90.9339669197073,34,34
"33",1856522421,"DM2",NA,"olfactory",85.1189900120792,55,55
"34",1856863404,"DM2",NA,"olfactory",77.3982907715853,34,36
"35",1857200218,"DM2",NA,"olfactory",44.1829766771538,28,29
"36",1886870366,"DM2",NA,"olfactory",27.0793144474154,21,24
"37",1887557164,"DM2",NA,"olfactory",26.2434187631915,21,21
"38",1980916395,"VL2a","contralateral","olfactory",50.7592150182702,39,40
"39",2135132845,"VC3l","ipsilateral","olfactory",28.1326528092806,30,31
"40",2166098256,"VL2p","contralateral","olfactory",82.3185921904312,38,38
"41",2197500470,"VL1","unilateral","olfactory",147.461916473869,71,71
"42",5813003783,"VL1","unilateral","olfactory",174.626343543175,80,80
"43",1543124896,"DM3","contralateral","olfactory",91.8818981846766,55,55
"44",1543124950,"DM3","contralateral","olfactory",81.7414872920375,36,36
"45",1543124957,"DM3","contralateral","olfactory",62.0640312322505,38,40
"46",1574159751,"DL5","ipsilateral","olfactory",128.18084056513,100,101
"47",1574159997,"DL5","ipsilateral","olfactory",123.162462631408,93,93
"48",1574160129,"DA1","contralateral","olfactory",83.5411660996154,42,42
"49",1574164298,"DL5","contralateral","olfactory",77.9692307519158,59,59
"50",1574833154,"DA1","contralateral","olfactory",63.001097810212,52,56
"51",1575170261,"DA1","contralateral","olfactory",71.7775739116491,54,55
"52",1575170425,"DL5","contralateral","olfactory",100.989086205744,66,67
"53",1575170548,"DL3","contralateral","olfactory",37.4188869271155,31,31
"54",1604858244,"DL5","contralateral","olfactory",64.5126656655528,50,50
"55",1604858301,"DL5","contralateral","olfactory",88.7925384569599,55,55
"56",1605186174,"DL5","contralateral","olfactory",80.8008815206317,60,60
"57",1605186300,"DL5","contralateral","olfactory",78.0998274444447,63,63
"58",1605186410,"DL5","ipsilateral","olfactory",107.224589856064,90,91
"59",1605190291,"DL5","contralateral","olfactory",93.8438878414525,57,57
"60",1605190359,"DM3","contralateral","olfactory",69.8276948391427,32,33
"61",1605190412,"DL3","contralateral","olfactory",54.0230402017462,38,38
"62",1605190489,"DL5","contralateral","olfactory",86.5795381666983,58,58
"63",1605190560,"DL4","contralateral","olfactory",83.1706230958536,35,35
"64",1605190603,"DM3","contralateral","olfactory",73.0786180966401,52,52
"65",1605190615,"DM3","contralateral","olfactory",73.2804311050762,37,38
"66",1605190625,"DL5","ipsilateral","olfactory",151.75598851344,103,103
"67",1605194516,"DL5","contralateral","olfactory",104.622511825239,62,62
"68",1605198915,"DC1","contralateral","olfactory",79.6460691220478,55,55
"69",1605199651,"DC2","contralateral","olfactory",105.281269513641,82,84
"70",1605203628,"DL5","contralateral","olfactory",78.0614663445158,57,58
"71",1605205438,"DL5","ipsilateral","olfactory",109.459342268201,82,82
"72",1605522829,"DL4","contralateral","olfactory",58.2221996338511,36,37
"73",1605523130,"DL5","ipsilateral","olfactory",154.750116364593,111,111
"74",1605523221,"DM3","contralateral","olfactory",64.2476173797168,32,33
"75",1605863918,"DL4","contralateral","olfactory",50.5096725667759,23,23
"76",1605863963,"DL4","contralateral","olfactory",45.8983783862476,18,18
"77",1605864014,"DL4","contralateral","olfactory",64.2016772119928,29,29
"78",1605864018,"DL5","contralateral","olfactory",67.147444217415,56,56
"79",1605864107,"DL3","contralateral","olfactory",62.6356481261381,42,43
"80",1605864206,"DL3","ipsilateral","olfactory",45.0958475178787,32,38
"81",1605864211,"DL3","ipsilateral","olfactory",54.5853285967965,57,58
"82",1605864308,"DL3","ipsilateral","olfactory",51.4205640743508,43,43
"83",1605864432,"DL3","ipsilateral","olfactory",34.9933335473775,17,17
"84",1605864501,"DC1","ipsilateral","olfactory",213.48800903419,150,150
"85",1609874147,"DL3","ipsilateral","olfactory",35.3259491694597,39,49
"86",1609878729,"DL3","contralateral","olfactory",59.4689802366302,40,46
"87",1609878899,"DL3","contralateral","olfactory",69.9234853213618,38,40
"88",1609878900,"DL3","contralateral","olfactory",35.0068584509658,34,35
"89",1609883139,"DL3","contralateral","olfactory",35.910139179913,32,33
"90",1609883285,"DL3","contralateral","olfactory",52.2686746887184,39,39
"91",1610219941,"DL3","contralateral","olfactory",31.8847283417372,32,32
"92",1610224198,"DL3","contralateral","olfactory",72.6064662862608,69,71
"93",1635884589,"DM1","ipsilateral","olfactory",200.946026838454,120,123
"94",1635884784,"DP1m","contralateral","olfactory",194.349061485912,143,144
"95",1635888647,"DL2d","contralateral","olfactory",115.207338704995,91,96
"96",1635889014,"DP1m","contralateral","olfactory",232.811220867528,144,145
"97",1635889103,"DP1m","contralateral","olfactory",230.234939128457,144,144
"98",1635893150,"DM4","contralateral","olfactory",139.536280612641,62,63
"99",1635893275,"DM3","ipsilateral","olfactory",80.6329051883683,43,43
"100",1635893359,"DM3","contralateral","olfactory",76.7897941150103,38,38
"101",1635893408,"DM3","ipsilateral","olfactory",94.5531383403784,40,40
"102",1635893414,"DM3","ipsilateral","olfactory",81.7456452359757,33,33
"103",1635893421,"DM3","contralateral","olfactory",62.1952994822798,30,30
"104",1635893494,"DM3","ipsilateral","olfactory",62.7737274588799,34,36
"105",1635893554,"DC4","ipsilateral","olfactory",168.102762284247,125,126
"106",1636221010,"DM3","contralateral","olfactory",54.8466352365336,30,31
"107",1636221143,"DM3","ipsilateral","olfactory",63.9423960114849,33,33
"108",1636221188,"DM3","ipsilateral","olfactory",70.7506078955892,28,28
"109",1636221240,"DM1","contralateral","olfactory",117.900210755286,57,60
"110",1636225271,"DM3","contralateral","olfactory",66.2195570725063,29,29
"111",1636225296,"DM3","ipsilateral","olfactory",73.8864467361645,33,33
"112",1636225341,"DM3","ipsilateral","olfactory",66.2190066778513,37,37
"113",1636225363,"DM3","contralateral","olfactory",72.604872119018,39,40
"114",1636225489,"DM3","ipsilateral","olfactory",97.8164422122008,43,43
"115",1636225502,"DC2","contralateral","olfactory",110.396826077399,79,84
"116",1636225517,"DM3","contralateral","olfactory",64.4575361066044,29,30
"117",1636225531,"DM3","ipsilateral","olfactory",91.3486162364667,47,47
"118",1636225564,"DC1","contralateral","olfactory",104.130152807334,58,58
"119",1636225622,"DC1","contralateral","olfactory",90.1315038006721,55,55
"120",1636229688,"DC1","contralateral","olfactory",110.158481088554,66,66
"121",1636229755,"DC1","contralateral","olfactory",97.5492256242027,54,54
"122",1636233881,"DC2","contralateral","olfactory",91.0054253074342,62,70
"123",1636233970,"DM3","contralateral","olfactory",39.6149482890473,25,26
"124",1636233979,"DM3","contralateral","olfactory",97.3368702478539,44,45
"125",1636234012,"DM3","contralateral","olfactory",86.5865702536962,29,31
"126",1636234045,"DM3","contralateral","olfactory",67.8645469227788,35,35
"127",1636238659,"DM3","contralateral","olfactory",50.4202413945644,35,35
"128",1636238887,"DM3","ipsilateral","olfactory",74.9318897273735,38,39
"129",1636238971,"DC1","contralateral","olfactory",83.3632736425059,44,44
"130",1636239206,"DM3","ipsilateral","olfactory",88.4642036894682,40,40
"131",1636557601,"DL5","ipsilateral","olfactory",121.82760456976,107,108
"132",1636557945,"DL4","ipsilateral","olfactory",59.10532349478,37,37
"133",1636558202,"DM3","ipsilateral","olfactory",73.0039198607354,33,35
"134",1636558291,"DM3","ipsilateral","olfactory",102.678041597183,47,47
"135",1636558405,"DM3","ipsilateral","olfactory",98.5541463736213,35,35
"136",1636899236,"DC1","ipsilateral","olfactory",174.514420455982,130,131
"137",1637231631,"DL1","contralateral","olfactory",82.2060611527808,43,43
"138",1637239858,"DC2","contralateral","olfactory",194.994811576805,87,88
"139",1637239941,"DC2","contralateral","olfactory",171.740830645393,85,85
"140",1637239975,"DC2","contralateral","olfactory",103.856970747921,73,74
"141",1637240364,"DC2","contralateral","olfactory",126.507526983544,84,84
"142",1637568633,"DP1m","contralateral","olfactory",237.351706563394,149,149
"143",1637983203,"DL3",NA,"olfactory",60.9220323611532,44,52
"144",1638315078,"DC4","contralateral","olfactory",124.62298406996,83,84
"145",1639230478,"DL1","contralateral","olfactory",103.217133335196,46,46
"146",1639252213,"DL5","ipsilateral","olfactory",127.307637307311,126,128
"147",1639579954,"DL4","ipsilateral","olfactory",70.2463264145508,37,39
"148",1639588874,"DL4","contralateral","olfactory",62.5725094195975,30,30
"149",1639588904,"DL4","contralateral","olfactory",43.6109615709048,25,26
"150",1639593146,"DL5","ipsilateral","olfactory",113.369920989962,90,91
"151",1639921133,"DL4","contralateral","olfactory",40.7536526390763,25,25
"152",1639921179,"DL3","contralateral","olfactory",44.5156458197811,40,41
"153",1639925326,"DL5","ipsilateral","olfactory",144.63376365923,103,104
"154",1639925359,"DL4","ipsilateral","olfactory",81.624320341919,48,48
"155",1639938708,"DA1","contralateral","olfactory",49.8153276635146,38,38
"156",1639943177,"DL3","contralateral","olfactory",43.3201898460016,35,38
"157",1640050851,"DL5","contralateral","olfactory",99.7955185123315,63,63
"158",1640257586,"DL4","contralateral","olfactory",49.0810082417368,29,29
"159",1640279391,"DL5","ipsilateral","olfactory",124.104392424634,104,104
"160",1640568208,"DL3","contralateral","olfactory",67.7245423838522,37,38
"161",1640568218,"DL3","contralateral","olfactory",41.7598629070332,35,35
"162",1640568272,"DL3","ipsilateral","olfactory",73.4219663457205,45,48
"163",1640572862,"DL3","contralateral","olfactory",39.2404594525034,41,44
"164",1640572939,"DL3","contralateral","olfactory",36.6319336902672,40,42
"165",1640577143,"DL3","contralateral","olfactory",32.85650292355,29,29
"166",1640581107,"DL3","contralateral","olfactory",30.4021049056066,30,32
"167",1640585539,"DL4","ipsilateral","olfactory",63.2763940634321,45,45
"168",1640909365,"DL3","contralateral","olfactory",49.1842849731191,28,29
"169",1640913594,"DL3","contralateral","olfactory",52.5068339280674,37,38
"170",1640922302,"DL3","contralateral","olfactory",45.6852243269772,40,43
"171",1640922390,"DL3","contralateral","olfactory",51.1162393691257,42,44
"172",1640926495,"DL4","ipsilateral","olfactory",72.4740744348366,43,44
"173",1640926761,"DL3","contralateral","olfactory",45.0856317192208,34,35
"174",1641250106,"DL3","contralateral","olfactory",49.7399973700221,38,39
"175",1641250297,"DL3","contralateral","olfactory",51.3310932405199,38,39
"176",1641250391,"DL3","contralateral","olfactory",53.0517604654109,33,33
"177",1641250455,"DL3","ipsilateral","olfactory",191.440331475685,74,74
"178",1641254353,"DL3","contralateral","olfactory",51.6883098467006,42,46
"179",1641254638,"DL3","contralateral","olfactory",69.4109486945725,48,48
"180",1641255096,"DL3","contralateral","olfactory",50.9780567774349,46,47
"181",1641258867,"DL3","contralateral","olfactory",36.3380035876478,38,38
"182",1641258972,"DL3","contralateral","olfactory",35.2901482043967,36,38
"183",1641259066,"DL3","contralateral","olfactory",50.5135930986134,40,40
"184",1641259252,"DL3","ipsilateral","olfactory",86.6975099431834,50,50
"185",1641263276,"DL3","ipsilateral","olfactory",66.2803089063418,38,38
"186",1641263547,"DL3","ipsilateral","olfactory",57.6972522217947,49,50
"187",1641595549,"DL3","contralateral","olfactory",58.8724999872978,40,41
"188",1641600157,"DL3","ipsilateral","olfactory",56.1882111054827,46,48
"189",1666578148,"DP1m","contralateral","olfactory",239.046622998506,138,138
"190",1666578327,"DP1m","contralateral","olfactory",246.804245989851,140,140
"191",1666578620,"DP1m","ipsilateral","olfactory",352.261194332939,295,299
"192",1666578623,"DP1m","ipsilateral","olfactory",283.499350022972,287,289
"193",1666578624,"DP1m","contralateral","olfactory",258.37483621445,151,151
"194",1666578629,"DM4","ipsilateral","olfactory",136.854126204428,88,90
"195",1666582562,"DM1","ipsilateral","olfactory",146.526760040999,102,106
"196",1666582877,"DM1","contralateral","olfactory",127.244107087357,64,65
"197",1666583002,"DM1","contralateral","olfactory",116.109775355663,48,51
"198",1666586731,"DM1","ipsilateral","olfactory",243.891735008477,124,124
"199",1666586817,"VM7v","ipsilateral","olfactory",69.4670858549198,57,57
"200",1666586873,"DP1m","contralateral","olfactory",251.643298426022,149,149
"201",1666587007,"DM1","contralateral","olfactory",158.179372644912,63,63
"202",1666587375,"DM4","contralateral","olfactory",97.7601472049272,51,52
"203",1666591156,"DM1","ipsilateral","olfactory",175.692947333962,127,127
"204",1666596157,"DP1m","ipsilateral","olfactory",298.317584667256,324,329
"205",1666910607,"DM1","ipsilateral","olfactory",166.793027040658,138,140
"206",1666910636,"DP1m","ipsilateral","olfactory",304.667799684437,278,295
"207",1666910690,"DP1m","contralateral","olfactory",220.868055665544,130,130
"208",1666914838,"DP1m","ipsilateral","olfactory",278.512166924476,265,292
"209",1666914948,"DM1","ipsilateral","olfactory",206.950577021706,126,128
"210",1666914962,"DM1","contralateral","olfactory",143.237481112951,68,71
"211",1666914994,"DM1","ipsilateral","olfactory",176.180764977623,111,113
"212",1666915031,"DM4","ipsilateral","olfactory",134.882615667823,88,88
"213",1666915045,"DM1","ipsilateral","olfactory",174.452998953751,116,120
"214",1666915165,"DM1","ipsilateral","olfactory",175.03391519403,114,114
"215",1666915169,"DM1","contralateral","olfactory",152.222343437669,68,70
"216",1666915198,"DP1m","ipsilateral","olfactory",378.119433768333,341,343
"217",1666915286,"DP1m","ipsilateral","olfactory",372.175372676583,368,369
"218",1666915408,"DM4","contralateral","olfactory",114.112998082798,49,49
"219",1666919180,"DM1","ipsilateral","olfactory",178.170127017439,119,122
"220",1666919254,"DM6","contralateral","olfactory",92.4681557888668,52,53
"221",1666919260,"DM4","ipsilateral","olfactory",127.606858009044,86,88
"222",1666919287,"DM1","ipsilateral","olfactory",197.665758861281,110,110
"223",1666919411,"DM6","ipsilateral","olfactory",98.6411981486619,71,71
"224",1666919676,"DM4","contralateral","olfactory",137.007467933971,60,60
"225",1666923367,"DM6","contralateral","olfactory",91.6418579591616,54,54
"226",1666923427,"DM4","ipsilateral","olfactory",129.736959435656,84,85
"227",1666923551,"DM4","ipsilateral","olfactory",150.73115386229,75,75
"228",1666923703,"DM6","contralateral","olfactory",92.4382242802151,44,44
"229",1666923720,"DC4","contralateral","olfactory",104.667697599405,86,86
"230",1666928084,"DC1","ipsilateral","olfactory",193.642745955324,125,125
"231",1666928150,"DM6","ipsilateral","olfactory",83.6107887607664,48,49
"232",1666928495,"DM4","ipsilateral","olfactory",106.803376292882,62,62
"233",1666932304,"DM6","contralateral","olfactory",96.5710032767455,47,48
"234",1666932688,"DM6","ipsilateral","olfactory",88.6349321573173,51,51
"235",1666932850,"DM6","ipsilateral","olfactory",98.4546298867881,45,45
"236",1666936597,"DC4","contralateral","olfactory",119.524587903124,81,81
"237",1666954322,"DM1","contralateral","olfactory",147.107682738366,64,67
"238",1667247553,"DM4","ipsilateral","olfactory",101.774694603812,91,91
"239",1667247833,"DP1m","contralateral","olfactory",259.505278177716,154,154
"240",1667251907,"DM1","ipsilateral","olfactory",206.535284721878,122,127
"241",1667255933,"DC2","contralateral","olfactory",149.996499934222,96,98
"242",1667260226,"DM3","ipsilateral","olfactory",102.515803466934,53,53
"243",1667260236,"DC1","ipsilateral","olfactory",169.064225372799,101,101
"244",1667260242,"DM3","ipsilateral","olfactory",82.4427993283858,40,40
"245",1667260271,"DC1","ipsilateral","olfactory",216.224622912621,128,128
"246",1667260659,"DM6","contralateral","olfactory",112.809125888405,51,51
"247",1667264461,"DC2","ipsilateral","olfactory",178.602130594729,112,112
"248",1667277506,"DC2","ipsilateral","olfactory",135.323108075824,90,90
"249",1667281839,"DM6","ipsilateral","olfactory",95.03738428013,45,45
"250",1667592446,"DM3","ipsilateral","olfactory",90.90416592518,39,39
"251",1667592481,"DM3","contralateral","olfactory",80.1140238714309,41,41
"252",1667592552,"DM3","contralateral","olfactory",69.8116927002089,31,31
"253",1667592575,"DC4","ipsilateral","olfactory",148.800331304894,126,127
"254",1667592674,"DM6","contralateral","olfactory",95.724998596263,56,56
"255",1667592917,"DM1","ipsilateral","olfactory",199.127827365284,115,116
"256",1667592954,"DM4","ipsilateral","olfactory",138.488208273593,78,79
"257",1667592980,"DM6","ipsilateral","olfactory",122.192637979289,66,67
"258",1667593128,"DM6","ipsilateral","olfactory",118.820197544028,70,70
"259",1667597008,"DM3","ipsilateral","olfactory",81.3135021919863,40,41
"260",1667597412,"DM6","ipsilateral","olfactory",120.42515869089,72,75
"261",1667929661,"DM2","ipsilateral","olfactory",169.511156687027,96,96
"262",1667929794,"DM4","ipsilateral","olfactory",129.027591923224,52,52
"263",1667933640,"DC1","ipsilateral","olfactory",203.497122006592,121,124
"264",1667933862,"DM3","ipsilateral","olfactory",82.9643467896315,39,39
"265",1667933908,"DC1","ipsilateral","olfactory",181.675210724958,119,121
"266",1667933931,"DM6","ipsilateral","olfactory",120.829068571546,59,59
"267",1667934038,"DM6","ipsilateral","olfactory",108.221434219419,54,54
"268",1667934041,"DM6","ipsilateral","olfactory",95.2802063522086,41,41
"269",1667995030,"DM4","contralateral","olfactory",113.305242633478,57,57
"270",1668258376,"DL1","contralateral","olfactory",90.8131662559684,57,57
"271",1668262697,"DM1","ipsilateral","olfactory",168.247207582632,104,104
"272",1668266547,"DM1","ipsilateral","olfactory",192.53180185987,95,105
"273",1668266562,"DM1","contralateral","olfactory",117.104287608302,55,55
"274",1668270697,"DM6","contralateral","olfactory",104.671715765766,52,52
"275",1668335478,"DM3","ipsilateral","olfactory",71.6065780613928,35,37
"276",1668599546,"DM1","contralateral","olfactory",135.724778353901,57,57
"277",1668603328,"DM1","ipsilateral","olfactory",187.8937181308,120,124
"278",1668603435,"DM1","ipsilateral","olfactory",203.950758271694,115,124
"279",1668603457,"DM1","contralateral","olfactory",129.984934104745,68,71
"280",1668607518,"DM4","ipsilateral","olfactory",135.33101059577,84,88
"281",1668611764,"DC1","ipsilateral","olfactory",120.615477901768,98,100
"282",1668616407,"DC2","ipsilateral","olfactory",177.279128967016,105,108
"283",1668940163,"DM1","contralateral","olfactory",139.016925737976,66,68
"284",1668940289,"DM1","ipsilateral","olfactory",190.160812890753,117,117
"285",1668943729,"DL2v","ipsilateral","olfactory",208.904344201914,191,208
"286",1668944307,"DM1","contralateral","olfactory",150.820563657787,67,68
"287",1668948547,"DM1","ipsilateral","olfactory",135.707186964274,99,100
"288",1669018304,"DC1","contralateral","olfactory",124.612017447137,70,70
"289",1669021944,"DL5","contralateral","olfactory",89.7561008944704,55,55
"290",1669272579,"DC4","ipsilateral","olfactory",128.317382769895,119,119
"291",1669280923,"DM1","ipsilateral","olfactory",178.556508460806,120,120
"292",1669281037,"DM1","ipsilateral","olfactory",221.541831210863,133,134
"293",1669363503,"DM3","contralateral","olfactory",70.2798465664827,32,33
"294",1669621744,"DL5","ipsilateral","olfactory",137.836559237301,117,117
"295",1669621996,"DM6","contralateral","olfactory",97.3031427043793,59,59
"296",1669622057,"DC2","contralateral","olfactory",123.472708572307,69,71
"297",1669626597,"DM1","contralateral","olfactory",118.581269928417,63,70
"298",1669699436,"DM3","contralateral","olfactory",71.9393950264644,31,31
"299",1669704840,"DC1","contralateral","olfactory",88.7914640064134,58,59
"300",1669708938,"DM3","ipsilateral","olfactory",60.3268837160485,26,27
"301",1669716903,"DL5","contralateral","olfactory",99.0087672631464,57,57
"302",1669716934,"DL5","contralateral","olfactory",69.7885241730308,49,49
"303",1669716941,"DM3","contralateral","olfactory",53.0516254133122,25,25
"304",1669721441,"DL5","contralateral","olfactory",66.8482615883708,55,55
"305",1669721587,"DM3","contralateral","olfactory",46.7499117210061,37,38
"306",1669725839,"DL5","contralateral","olfactory",72.4971635254766,59,59
"307",1669726032,"DC4","contralateral","olfactory",107.788225541773,83,83
"308",1669730156,"DL5","contralateral","olfactory",73.1287828152912,54,54
"309",1669915315,"DL2d","contralateral","olfactory",116.05090613388,99,102
"310",1669919662,"DL2v","contralateral","olfactory",103.937807907008,87,93
"311",1669919865,"DL1","ipsilateral","olfactory",118.48656573061,69,70
"312",1669928799,"DL5","ipsilateral","olfactory",134.327591274542,103,103
"313",1669928802,"DL2v","contralateral","olfactory",131.432066157149,99,103
"314",1669933011,"DL5","contralateral","olfactory",112.197514547439,62,63
"315",1669949998,"DA1","contralateral","olfactory",78.0883980425998,53,56
"316",1669967018,"DC2","contralateral","olfactory",124.488708839593,76,76
"317",1670045635,"DC1","contralateral","olfactory",88.6219224809761,58,59
"318",1670247742,"DL1","contralateral","olfactory",69.4202779098692,39,39
"319",1670252047,"DL1","ipsilateral","olfactory",130.140230429731,73,75
"320",1670252082,"DL1","ipsilateral","olfactory",134.240256630172,89,89
"321",1670252091,"DL1","ipsilateral","olfactory",122.386629567359,92,92
"322",1670252125,"DL1","contralateral","olfactory",81.516038195924,43,43
"323",1670256057,"DL1","contralateral","olfactory",72.965867585519,30,30
"324",1670256074,"DL1","contralateral","olfactory",81.8158747918923,45,45
"325",1670256121,"DL1","contralateral","olfactory",91.7906986721281,36,38
"326",1670256123,"DL1","contralateral","olfactory",105.083810989896,42,43
"327",1670256170,"DL1","contralateral","olfactory",79.5485993047719,36,38
"328",1670256200,"DL1","contralateral","olfactory",88.2862120764669,34,34
"329",1670256208,"DL1","contralateral","olfactory",89.9404048132402,39,39
"330",1670256226,"DL1","contralateral","olfactory",78.0992800343492,29,29
"331",1670256275,"DL1",NA,"olfactory",133.163260237183,81,81
"332",1670256285,"DL1","ipsilateral","olfactory",106.458418506176,81,83
"333",1670256369,"DL1","contralateral","olfactory",43.9448922760124,33,35
"334",1670256374,"DL1","contralateral","olfactory",86.825929445666,41,41
"335",1670256379,"DL1","contralateral","olfactory",70.3624172853658,37,37
"336",1670260748,"DL5",NA,"olfactory",156.057625845131,89,89
"337",1670264761,"DL5",NA,"olfactory",330.504028646967,157,157
"338",1670269656,"DL5","ipsilateral","olfactory",146.366765479444,92,92
"339",1670282465,"DC4","contralateral","olfactory",138.083241795995,97,97
"340",1670286565,"DL4","contralateral","olfactory",63.3241212457476,35,36
"341",1670286643,"DL4","contralateral","olfactory",59.6939934326341,35,35
"342",1670286938,"DM3","ipsilateral","olfactory",79.719071105944,35,35
"343",1670290830,"DL4","contralateral","olfactory",47.2471947397793,32,32
"344",1670290840,"DL4","contralateral","olfactory",48.2918916038848,28,28
"345",1670291083,"DM3","ipsilateral","olfactory",71.4654515196384,40,40
"346",1670295588,"DM3","ipsilateral","olfactory",93.2401065780642,46,46
"347",1670299473,"DM3","ipsilateral","olfactory",110.055072968249,48,48
"348",1670381907,"DC1","contralateral","olfactory",101.928294427862,56,56
"349",1670411672,"DL4","contralateral","olfactory",51.4220545602403,23,24
"350",1670584497,"DL1","ipsilateral","olfactory",146.68317486345,70,71
"351",1670588784,"DL1","ipsilateral","olfactory",93.5843430904618,65,68
"352",1670588790,"DL1","ipsilateral","olfactory",88.9104383480967,71,71
"353",1670593041,"DL1","ipsilateral","olfactory",98.9247090552638,68,74
"354",1670593195,"DL1","ipsilateral","olfactory",122.043986590066,74,76
"355",1670593240,"DL1","ipsilateral","olfactory",130.27258920413,82,82
"356",1670597202,"DL1","contralateral","olfactory",75.773819153524,32,34
"357",1670597359,"DL1","contralateral","olfactory",72.3512024160337,39,43
"358",1670610554,"DL5",NA,"olfactory",114.711433327178,105,106
"359",1670618642,"DL4","contralateral","olfactory",72.5682607734611,34,34
"360",1670623318,"DL4","contralateral","olfactory",61.0146424947231,31,33
"361",1670623474,"DL4","contralateral","olfactory",56.3519480709841,26,26
"362",1670623676,"DC4","ipsilateral","olfactory",130.083577906699,118,119
"363",1670623716,"DM3","ipsilateral","olfactory",58.5082940808451,37,39
"364",1670627821,"DA1","contralateral","olfactory",87.5635750546083,53,53
"365",1670628153,"DM3","ipsilateral","olfactory",111.922613546718,49,49
"366",1670631838,"DL3","contralateral","olfactory",43.422689196787,26,27
"367",1670632284,"DM3","ipsilateral","olfactory",93.3583468510483,41,41
"368",1670632335,"DM3","ipsilateral","olfactory",78.0201364025473,37,38
"369",1670632384,"DM3","contralateral","olfactory",55.1483059480857,30,30
"370",1670632390,"DM3","ipsilateral","olfactory",65.4122272079274,38,39
"371",1670640429,"DC2","contralateral","olfactory",94.9102821160645,80,80
"372",1670748385,"DL4","contralateral","olfactory",54.0019720678846,27,27
"373",1670761442,"DL4","contralateral","olfactory",55.0667193952081,33,34
"374",1670934124,"DL4","ipsilateral","olfactory",72.589079009865,42,42
"375",1670934131,"DL4","contralateral","olfactory",55.2322970291317,26,26
"376",1670938437,"DL4","contralateral","olfactory",66.3078975004935,31,31
"377",1670938446,"DL4","ipsilateral","olfactory",82.2150512243726,46,47
"378",1670942575,"DL4","ipsilateral","olfactory",60.0780071532045,38,41
"379",1670960408,"DL5",NA,"olfactory",182.624732917712,79,79
"380",1671270646,"DL4","ipsilateral","olfactory",69.0991943741985,49,50
"381",1671270988,"DL4","ipsilateral","olfactory",76.7265231563325,41,41
"382",1671271059,"DL4","ipsilateral","olfactory",52.5690377665764,33,33
"383",1671271189,"DL4","ipsilateral","olfactory",70.3614643698168,42,42
"384",1671275020,"DL4","ipsilateral","olfactory",67.1893173649695,40,41
"385",1671275383,"DL4",NA,"olfactory",78.8296843207235,51,51
"386",1671279391,"DL4",NA,"olfactory",75.3592361366443,39,39
"387",1671283628,"DL4","ipsilateral","olfactory",82.1471849396412,52,52
"388",1671283826,"DL4","ipsilateral","olfactory",77.6530075531449,36,36
"389",1671292634,"DM3","ipsilateral","olfactory",76.2228266006879,36,36
"390",1671292694,"DM3","ipsilateral","olfactory",75.8574547248144,43,44
"391",1671598776,"DL3","ipsilateral","olfactory",31.2132067400393,20,21
"392",1671603165,"DL3","contralateral","olfactory",42.6520433441388,32,33
"393",1671603266,"DL3","contralateral","olfactory",41.3917896927441,35,35
"394",1671608037,"DL3","ipsilateral","olfactory",24.7673283349953,34,36
"395",1671611615,"DL3","ipsilateral","olfactory",53.9569243714461,51,52
"396",1671616310,"DL4","ipsilateral","olfactory",82.573472343541,48,48
"397",1671616374,"DL4","ipsilateral","olfactory",71.4391947324143,43,43
"398",1671616397,"DL4","contralateral","olfactory",68.260973424216,30,30
"399",1671616495,"DL4","ipsilateral","olfactory",65.3694692107822,36,38
"400",1671620549,"DL3","ipsilateral","olfactory",57.7437345892588,38,38
"401",1671620573,"DL4","ipsilateral","olfactory",81.0267721923504,43,44
"402",1671620813,"DA1","contralateral","olfactory",104.877000137328,58,58
"403",1671621020,"DL4","contralateral","olfactory",63.7673274747779,29,29
"404",1671621030,"DL3","contralateral","olfactory",44.1485969679113,43,44
"405",1671625186,"DL3","ipsilateral","olfactory",75.6413562527984,48,48
"406",1671625238,"DL4","ipsilateral","olfactory",75.37166328837,47,47
"407",1671625304,"DL4","ipsilateral","olfactory",74.8792117187583,48,49
"408",1671629267,"DA1","contralateral","olfactory",57.9181919737114,49,50
"409",1671629301,"DA1","contralateral","olfactory",57.091671951129,37,37
"410",1671939855,"DL3","ipsilateral","olfactory",58.7215833808397,40,40
"411",1671961938,"DL3","ipsilateral","olfactory",117.0098682008,42,45
"412",1671965948,"DL3","ipsilateral","olfactory",65.2677549316258,46,48
"413",1671966064,"DA1","ipsilateral","olfactory",134.549008534666,85,85
"414",1671966114,"DA1","contralateral","olfactory",66.9130192157122,60,60
"415",1671966229,"DL3","contralateral","olfactory",28.4631071346713,36,36
"416",1671966254,"DA1","contralateral","olfactory",71.726416508824,47,47
"417",1671966294,"DL3","ipsilateral","olfactory",55.2749539208823,48,52
"418",1671966374,"DL3","ipsilateral","olfactory",86.7482755616956,41,41
"419",1671970212,"DA1","contralateral","olfactory",87.5319349175136,42,43
"420",1671970238,"DA1","ipsilateral","olfactory",83.4957605690124,62,62
"421",1671970367,"DA1","contralateral","olfactory",87.259210727237,52,54
"422",1671970683,"DA1","contralateral","olfactory",97.4883133560196,69,70
"423",1671974365,"DA1","ipsilateral","olfactory",108.325873033591,81,83
"424",1672298077,"DL3","ipsilateral","olfactory",127.529433791647,55,56
"425",1672298153,"DL3","ipsilateral","olfactory",66.2615790842148,48,49
"426",1672302763,"DL3","ipsilateral","olfactory",74.9812184580041,35,35
"427",1672307311,"DA1","ipsilateral","olfactory",129.882226150669,83,86
"428",1672311578,"DA1","contralateral","olfactory",75.8137761317328,46,46
"429",1672311668,"DA1","ipsilateral","olfactory",100.544670845846,36,36
"430",1672315788,"DA1","ipsilateral","olfactory",122.031946620324,84,87
"431",1672639485,"DA1","contralateral","olfactory",62.2237147994103,49,52
"432",1672643988,"DA1","contralateral","olfactory",92.7012657934686,60,62
"433",1672652372,"DA1","ipsilateral","olfactory",122.114308869312,84,88
"434",1696948638,"DM4","contralateral","olfactory",85.4860613031482,42,42
"435",1697263685,"DP1l","contralateral","olfactory",150.214631216498,110,112
"436",1697272285,"DP1m","ipsilateral","olfactory",310.653729016283,297,313
"437",1697276313,"DP1m","ipsilateral","olfactory",322.938343789785,300,302
"438",1697276582,"DM1","contralateral","olfactory",183.747463377511,74,74
"439",1697276648,"DM1","contralateral","olfactory",154.38558429198,70,70
"440",1697276695,"DM1","contralateral","olfactory",139.831046713568,60,62
"441",1697280776,"DP1m","ipsilateral","olfactory",356.640410914307,310,330
"442",1697280847,"DC4","ipsilateral","olfactory",127.408311316361,121,122
"443",1697280950,"DM1","ipsilateral","olfactory",197.207446607318,119,126
"444",1697281203,"DM4","ipsilateral","olfactory",185.927061106674,105,105
"445",1697285129,"VL2p","contralateral","olfactory",95.3764437594561,38,40
"446",1697285165,"DP1m","ipsilateral","olfactory",378.23150915789,322,331
"447",1697285307,"DM1","ipsilateral","olfactory",182.433748019326,104,111
"448",1697285520,"DM4","contralateral","olfactory",100.301492721468,46,48
"449",1697285565,"DM1","contralateral","olfactory",123.439425504194,55,60
"450",1697285571,"DM4","contralateral","olfactory",123.574651172593,68,68
"451",1697285610,"DM4","contralateral","olfactory",153.40231325637,57,57
"452",1697600363,"DP1m","ipsilateral","olfactory",316.464788539245,309,314
"453",1697604748,"DP1m","ipsilateral","olfactory",335.722047767345,294,303
"454",1697605071,"DM1","contralateral","olfactory",141.736935443021,66,66
"455",1697608583,"DP1m","contralateral","olfactory",237.569842459462,156,156
"456",1697608860,"DM1","contralateral","olfactory",139.357902633788,53,54
"457",1697609151,"DM1","ipsilateral","olfactory",152.900785237178,112,123
"458",1697609381,"DM4","ipsilateral","olfactory",175.507347385445,99,99
"459",1697613072,"DM1","contralateral","olfactory",154.912307831876,73,73
"460",1697613132,"DM1","ipsilateral","olfactory",212.54750446207,116,128
"461",1697613170,"DM1","contralateral","olfactory",137.987632004926,80,85
"462",1697613300,"DM1","contralateral","olfactory",141.222643855338,61,61
"463",1697613314,"DM1","contralateral","olfactory",109.385217938287,61,65
"464",1697613458,"DM2","ipsilateral","olfactory",161.581309145287,70,72
"465",1697613466,"DM1","ipsilateral","olfactory",125.470764484004,65,68
"466",1697613506,"DM4","contralateral","olfactory",118.492920173182,58,59
"467",1697613513,"DM1","contralateral","olfactory",150.317560847131,63,64
"468",1697613611,"DM2","ipsilateral","olfactory",90.6269633192125,39,39
"469",1697613650,"DM1","contralateral","olfactory",174.221804479401,77,77
"470",1697617556,"DM1","contralateral","olfactory",144.473001903252,67,67
"471",1697617570,"DM2","contralateral","olfactory",86.0732222693735,55,55
"472",1697617587,"DM2","contralateral","olfactory",114.530132287355,55,56
"473",1697621641,"DM4","contralateral","olfactory",138.884459448229,54,54
"474",1697621973,"DM2","contralateral","olfactory",113.232021272104,50,50
"475",1697621981,"DM1","contralateral","olfactory",172.33183533596,74,74
"476",1697621991,"DM2","ipsilateral","olfactory",207.540438446691,79,79
"477",1697630404,"DP1m","contralateral","olfactory",237.58914823604,132,132
"478",1697648168,"DM4","contralateral","olfactory",89.1997907171415,38,39
"479",1697937875,"DP1m","contralateral","olfactory",217.619948942045,147,148
"480",1697941039,"DM4","ipsilateral","olfactory",118.64520765105,82,82
"481",1697945551,"DP1m","contralateral","olfactory",261.344693263216,137,137
"482",1697945569,"DM1","ipsilateral","olfactory",276.438402157283,156,160
"483",1697949646,"DM6","contralateral","olfactory",98.436852982726,51,51
"484",1697949895,"DM2","contralateral","olfactory",147.98704207256,68,73
"485",1697949977,"DM2","contralateral","olfactory",72.5934009541384,42,42
"486",1697954189,"DM1","contralateral","olfactory",155.835768365679,65,65
"487",1697954208,"DM2","contralateral","olfactory",98.8078649488918,49,50
"488",1697958405,"DM1","contralateral","olfactory",187.389449113781,68,71
"489",1697988867,"DM1","ipsilateral","olfactory",165.185571931856,117,120
"490",1697993770,"DM1","contralateral","olfactory",54.9186682317812,25,25
"491",1698002425,"DM1","contralateral","olfactory",129.434046298496,64,65
"492",1698274536,"DM1","ipsilateral","olfactory",141.729058531465,110,111
"493",1698278095,"DM1","contralateral","olfactory",153.316923547742,59,70
"494",1698278105,"DP1m","contralateral","olfactory",232.359008756933,150,150
"495",1698278346,"DM1","contralateral","olfactory",144.006579526675,61,61
"496",1698334367,"DM4","contralateral","olfactory",113.125527760166,55,56
"497",1698338840,"DM4","contralateral","olfactory",150.709804080682,59,59
"498",1698338865,"DM4","contralateral","olfactory",115.163802946711,63,63
"499",1698338958,"DM4","contralateral","olfactory",110.747517152464,61,61
"500",1698343052,"DM4","contralateral","olfactory",89.5581401631462,47,47
"501",1698618777,"DP1m","ipsilateral","olfactory",318.546926060831,307,316
"502",1698618858,"DM1","ipsilateral","olfactory",236.382615694382,133,133
"503",1698619179,"DM1","ipsilateral","olfactory",165.792569948571,105,107
"504",1698619238,"DM1","contralateral","olfactory",161.56625477678,64,65
"505",1698623120,"DM1","ipsilateral","olfactory",261.683502017892,114,115
"506",1698623131,"DM1","ipsilateral","olfactory",216.892833013401,108,116
"507",1698693312,"DM1","ipsilateral","olfactory",128.871504198231,105,110
"508",1699379523,"DM1","contralateral","olfactory",121.012283826522,78,78
"509",1699633680,"DM1","ipsilateral","olfactory",198.335428383125,130,131
"510",1699637626,"DM1","ipsilateral","olfactory",149.201248859036,85,85
"511",1699698428,"DM6","contralateral","olfactory",66.9249474135592,51,53
"512",1699711025,"DC2","ipsilateral","olfactory",133.265216576201,105,106
"513",1699711114,"DC2","ipsilateral","olfactory",146.572308224193,105,105
"514",1699711405,"DC4","contralateral","olfactory",104.897527365515,94,94
"515",1699715276,"DC4","contralateral","olfactory",97.4414320028273,75,75
"516",1699715494,"DM3","contralateral","olfactory",71.4453450785013,30,30
"517",1699719901,"DC4","contralateral","olfactory",116.694309577084,97,97
"518",1699957886,"DL2d","contralateral","olfactory",94.9856461697512,90,93
"519",1699961833,"DL1","contralateral","olfactory",32.5354437106495,20,20
"520",1699961883,"DL1","contralateral","olfactory",64.1975899489973,31,32
"521",1699961895,"DL1","contralateral","olfactory",33.4273430750081,18,18
"522",1699961956,"DL1","contralateral","olfactory",73.7224440716491,43,43
"523",1699962012,"DL1","contralateral","olfactory",58.6558914249602,30,32
"524",1699962040,"DL1","ipsilateral","olfactory",112.622067448229,84,84
"525",1699962056,"DL1","ipsilateral","olfactory",99.4940831102927,70,70
"526",1699962188,"DC4","contralateral","olfactory",133.06059444469,84,84
"527",1700052335,"DC1","contralateral","olfactory",67.971097178373,40,40
"528",1700294219,"DL1","contralateral","olfactory",68.0270727988446,41,41
"529",1700298673,"DL1","contralateral","olfactory",68.5533362820412,37,37
"530",1700298962,"DL2v","contralateral","olfactory",107.31262111809,108,109
"531",1700299033,"DM1","ipsilateral","olfactory",191.484394151883,119,123
"532",1700303013,"DM1","ipsilateral","olfactory",208.964335276301,127,136
"533",1700303249,"DM1","contralateral","olfactory",134.626114112002,55,56
"534",1700328422,"DM6","ipsilateral","olfactory",112.051644558881,66,66
"535",1700596143,"DL1","ipsilateral","olfactory",110.703902446128,86,87
"536",1700596168,"DL2d","contralateral","olfactory",69.5099078769639,65,67
"537",1700600598,"DL2v","contralateral","olfactory",108.677093838601,95,99
"538",1700604830,"DL1","contralateral","olfactory",64.5029564091864,33,33
"539",1700604898,"DL1","ipsilateral","olfactory",100.736533891003,72,72
"540",1700604950,"DL1","ipsilateral","olfactory",106.106079252963,67,68
"541",1700604978,"DL1","ipsilateral","olfactory",93.5322528079308,71,72
"542",1700605059,"DL2v","contralateral","olfactory",103.758747473181,87,90
"543",1700605075,"DL2v","contralateral","olfactory",105.471082388115,111,120
"544",1700609155,"DL1","ipsilateral","olfactory",111.266300298566,77,78
"545",1700609238,"DL1","contralateral","olfactory",60.2432595504658,33,34
"546",1700609292,"DL1","contralateral","olfactory",64.8596884419493,26,26
"547",1700609325,"DL1","contralateral","olfactory",53.0029554798462,32,32
"548",1700613376,"DL1","contralateral","olfactory",79.692868334135,42,42
"549",1700613391,"DL1","contralateral","olfactory",75.9489812355872,39,39
"550",1700613524,"DL1","contralateral","olfactory",62.1973019338483,29,29
"551",1700613531,"DL1","contralateral","olfactory",69.3049250233456,34,34
"552",1700613639,"DL1","contralateral","olfactory",59.6720949680585,32,32
"553",1700617897,"DL1","ipsilateral","olfactory",108.322950651709,60,60
"554",1700635321,"DC4","contralateral","olfactory",128.607255627124,93,93
"555",1700635521,"DL2d","contralateral","olfactory",82.7631809855564,81,88
"556",1700639697,"DC4","ipsilateral","olfactory",142.71903337215,113,113
"557",1700639720,"DC4","ipsilateral","olfactory",142.023699572625,139,139
"558",1700652037,"DC4","ipsilateral","olfactory",142.443259157135,135,135
"559",1700652765,"DM1","contralateral","olfactory",206.684499070744,95,96
"560",1700657154,"DM1","contralateral","olfactory",157.933316592717,71,73
"561",1700739144,"DM3","ipsilateral","olfactory",80.2915893051564,47,48
"562",1700743216,"DM3","contralateral","olfactory",57.3003902299924,32,32
"563",1700932816,"DL1","ipsilateral","olfactory",124.866736604344,78,79
"564",1700932879,"DL1","contralateral","olfactory",61.6218634811785,37,38
"565",1700937308,"DL2d","contralateral","olfactory",101.856926495934,84,88
"566",1700941352,"DL1","ipsilateral","olfactory",95.3581354698544,78,79
"567",1700941431,"DL1","ipsilateral","olfactory",135.169754133721,71,71
"568",1700941475,"DL1","ipsilateral","olfactory",113.942896143797,68,71
"569",1700941629,"DL1","contralateral","olfactory",57.9471383381409,32,32
"570",1700941902,"DL1","ipsilateral","olfactory",115.88617319235,63,63
"571",1700946085,"DL1","contralateral","olfactory",65.8252705876817,28,31
"572",1700946302,"DL1","ipsilateral","olfactory",100.33740210642,78,78
"573",1700980443,"DM3","contralateral","olfactory",61.2225040183507,47,47
"574",1700980593,"DC4","ipsilateral","olfactory",145.557378820128,139,143
"575",1700980626,"DC4","ipsilateral","olfactory",145.007271565993,116,124
"576",1700980659,"DC4","ipsilateral","olfactory",123.848014854944,107,107
"577",1700980693,"DC4","ipsilateral","olfactory",136.717786676977,125,126
"578",1700980727,"DC4","ipsilateral","olfactory",143.988693811026,119,119
"579",1700984539,"DM3","contralateral","olfactory",60.2054671847541,27,27
"580",1700984878,"DM4","ipsilateral","olfactory",150.845412863404,97,97
"581",1701273869,"DL1","ipsilateral","olfactory",104.730566647478,63,65
"582",1701277993,"DL1","contralateral","olfactory",65.6005235009251,39,40
"583",1701278023,"DL1","ipsilateral","olfactory",106.230711511809,69,69
"584",1701282729,"DL1","ipsilateral","olfactory",107.56102800276,64,65
"585",1701286638,"DL1","contralateral","olfactory",80.9377868237841,35,36
"586",1701287251,"DL1","ipsilateral","olfactory",119.682971670516,79,79
"587",1701312982,"DL5",NA,"olfactory",156.626310214969,91,91
"588",1701614773,"DL1","contralateral","olfactory",57.5998496409682,29,29
"589",1701614779,"DL1","ipsilateral","olfactory",138.174154959187,74,75
"590",1701614885,"DL1","ipsilateral","olfactory",93.3964927546189,56,59
"591",1701614980,"DL1","ipsilateral","olfactory",126.135538382775,70,71
"592",1701614996,"DL1","ipsilateral","olfactory",100.920564835503,70,70
"593",1701628254,"DL1","ipsilateral","olfactory",105.437888254773,57,60
"594",1701628317,"DL1","ipsilateral","olfactory",110.777913453607,63,63
"595",1701960292,"DL1","ipsilateral","olfactory",144.642957742423,82,83
"596",1701960710,"DL3","ipsilateral","olfactory",40.5639067459825,27,27
"597",1701965099,"DL4","ipsilateral","olfactory",81.5274468546399,43,45
"598",1702021357,"DC4","contralateral","olfactory",125.289699121735,100,101
"599",1702301695,"DL4","ipsilateral","olfactory",79.87878685647,46,46
"600",1702301737,"DL3","ipsilateral","olfactory",55.355411140764,43,44
"601",1702301766,"DA1","ipsilateral","olfactory",117.313985139418,65,73
"602",1702647113,"DL4","ipsilateral","olfactory",152.757837175668,74,74
"603",1702810993,"DL3","ipsilateral","olfactory",50.8661718063359,39,41
"604",1703000805,"DL4","ipsilateral","olfactory",104.360249637558,37,37
"605",1703315602,"DL3","ipsilateral","olfactory",57.5185034669795,37,37
"606",1703337673,"DA1","contralateral","olfactory",115.888009693583,41,42
"607",1703337982,"DL3","ipsilateral","olfactory",55.9424141569278,32,36
"608",1703342190,"DA1","contralateral","olfactory",50.8372595987252,45,58
"609",1703665922,"DL3","ipsilateral","olfactory",62.2124975863873,36,40
"610",1703678670,"DA1","contralateral","olfactory",73.1642662540761,47,47
"611",1703682799,"DA1","ipsilateral","olfactory",133.332671076164,68,72
"612",1703682848,"DA1","ipsilateral","olfactory",85.3315980827367,60,62
"613",1703682852,"DA1","ipsilateral","olfactory",84.6248368849159,74,74
"614",1703683023,"DA1","ipsilateral","olfactory",135.980015938046,75,77
"615",1703683156,"DA1","ipsilateral","olfactory",136.310397705311,61,62
"616",1704006659,"DA1","contralateral","olfactory",71.7722513921559,50,52
"617",1704011227,"DA1","contralateral","olfactory",55.609876789011,46,47
"618",1727961873,"DM4","contralateral","olfactory",126.632443095162,61,61
"619",1727970209,"DM4","contralateral","olfactory",138.10287192427,47,47
"620",1727970309,"DM4","contralateral","olfactory",120.73993048898,55,55
"621",1727987554,"DM4","ipsilateral","olfactory",200.692226661813,99,99
"622",1727996245,"DM4","contralateral","olfactory",117.139947002051,37,37
"623",1728298525,"DM4","ipsilateral","olfactory",143.805219417165,86,88
"624",1728307233,"DM4","ipsilateral","olfactory",210.712666036432,82,82
"625",1728311554,"DM4","ipsilateral","olfactory",223.387827501751,93,93
"626",1728311658,"DM4","ipsilateral","olfactory",218.500971964496,90,90
"627",1728652192,"DM4","contralateral","olfactory",111.434894071,63,63
"628",1728984763,"DM2","contralateral","olfactory",121.537718178766,52,52
"629",1729312828,"DM4","contralateral","olfactory",131.650743058765,56,56
"630",1729312857,"DM4",NA,"olfactory",187.362336076921,90,90
"631",1729650077,"DM4","ipsilateral","olfactory",121.25305773494,90,90
"632",1729650124,"DM4","ipsilateral","olfactory",131.55062387647,94,95
"633",1729995175,"DM4","ipsilateral","olfactory",177.636489977167,73,73
"634",1729999155,"DM4","ipsilateral","olfactory",167.883853064482,91,92
"635",1730315051,"DP1m","ipsilateral","olfactory",333.934561522881,307,321
"636",1730319288,"DM1","ipsilateral","olfactory",206.642767198132,122,128
"637",1730647280,"DP1m","ipsilateral","olfactory",285.345844809715,288,303
"638",1730651423,"DP1l","ipsilateral","olfactory",192.837689312403,210,211
"639",1730651473,"DP1l","ipsilateral","olfactory",194.028186900256,196,200
"640",1730988388,"DP1m","ipsilateral","olfactory",346.88648814941,286,291
"641",1731290073,"DL2v","contralateral","olfactory",107.092859619597,101,103
"642",1731294438,"DL2v","ipsilateral","olfactory",233.909064503776,223,230
"643",1731294496,"DL2d","contralateral","olfactory",30.3444695877341,39,39
"644",1731298838,"DL2d","contralateral","olfactory",114.305082597797,87,90
"645",1731298907,"DP1l","contralateral","olfactory",81.2709660199997,66,67
"646",1731303224,"DL2v","contralateral","olfactory",130.054797164838,100,100
"647",1731303242,"DL2v","contralateral","olfactory",70.4645300153261,54,59
"648",1731307775,"DL2d","ipsilateral","olfactory",223.711550258764,197,204
"649",1731312117,"DC4","ipsilateral","olfactory",183.326819402159,149,149
"650",1731325118,"DP1m","ipsilateral","olfactory",303.29969801972,299,305
"651",1731626597,"DL1","contralateral","olfactory",50.1024607810323,29,31
"652",1731626686,"DL1","ipsilateral","olfactory",105.394654692281,65,65
"653",1731626687,"DL2v","contralateral","olfactory",82.0057621847735,98,103
"654",1731626696,"DL2v","ipsilateral","olfactory",202.255868920055,196,217
"655",1731631045,"VL2a","contralateral","olfactory",44.3864677776919,34,37
"656",1731631051,"DL2d","ipsilateral","olfactory",195.583571195427,170,174
"657",1731631097,"DL2d","ipsilateral","olfactory",197.468701854528,165,165
"658",1731631162,"DL2v","ipsilateral","olfactory",149.027804582489,134,189
"659",1731631196,"DL2v","contralateral","olfactory",127.904014133115,117,119
"660",1731631236,"VL2a","ipsilateral","olfactory",113.075658593532,93,96
"661",1731640090,"DC4","ipsilateral","olfactory",167.408271744321,137,137
"662",1732110512,"DM6","contralateral","olfactory",78.6699801451934,44,45
"663",1732451638,"DC2","ipsilateral","olfactory",175.156520375415,96,96
"664",1732455860,"DC1","contralateral","olfactory",92.5824374830229,59,61
"665",1732714479,"DM6","ipsilateral","olfactory",119.802228205028,87,87
"666",1732719013,"DC1","ipsilateral","olfactory",187.020427090242,115,120
"667",1732719340,"DM6","contralateral","olfactory",105.886198471032,56,57
"668",1732990851,"DL3","ipsilateral","olfactory",76.2764895134241,49,51
"669",1732990947,"DL3","ipsilateral","olfactory",126.937763690886,67,69
"670",1733176434,"DL4","contralateral","olfactory",53.788709077579,23,24
"671",1733387903,"DC1",NA,"olfactory",53.2011635764417,50,86
"672",1733402071,"DM6","ipsilateral","olfactory",87.9738691904513,69,72
"673",1733673153,"DL3","ipsilateral","olfactory",30.1136142073953,13,13
"674",1734350602,"DL3","ipsilateral","olfactory",49.6005554830545,29,30
"675",1734350776,"DA1","contralateral","olfactory",64.6573107837317,42,42
"676",1734350800,"DA1","contralateral","olfactory",58.2658669720201,42,45
"677",1734350801,"DA1","contralateral","olfactory",91.6566860894236,39,46
"678",1734350808,"DA1","contralateral","olfactory",83.8549595265712,55,57
"679",1734350882,"DA1","contralateral","olfactory",73.2151628286022,61,63
"680",1734355225,"DA1",NA,"olfactory",78.7659932925719,55,63
"681",1734355247,"DA1","ipsilateral","olfactory",126.283321758127,54,63
"682",1734355428,"DA1","ipsilateral","olfactory",101.963200395676,87,91
"683",1734355450,"DA1","contralateral","olfactory",55.8900814784139,36,38
"684",1734359876,"DA1","contralateral","olfactory",90.1515814894424,52,53
"685",1734691670,"DA1","ipsilateral","olfactory",96.859939136377,73,79
"686",1734691780,"DA1","contralateral","olfactory",62.8496715454106,54,55
"687",1734691853,"DA1","contralateral","olfactory",71.4201205150158,37,40
"688",1734691865,"DA1","ipsilateral","olfactory",85.3259802758384,63,67
"689",1734696429,"DA1","contralateral","olfactory",55.4618281416948,52,53
"690",1734696604,"DA1","contralateral","olfactory",71.9545211735765,60,64
"691",1734705240,"DA1","ipsilateral","olfactory",96.0134603601872,62,70
"692",1734717557,"DL3","ipsilateral","olfactory",53.125261355895,43,46
"693",1735032816,"DA1","ipsilateral","olfactory",84.1087281197969,65,67
"694",1735037070,"DA1","ipsilateral","olfactory",118.491043907,78,79
"695",1735037194,"DA1","ipsilateral","olfactory",75.2189368139653,64,66
"696",1735037273,"DA1","contralateral","olfactory",111.856870255065,57,57
"697",1735041817,"DA1","contralateral","olfactory",70.8306691383807,40,40
"698",1735041965,"DA1","ipsilateral","olfactory",125.385709173286,77,77
"699",1735042035,"DA1","ipsilateral","olfactory",195.223156147866,80,84
"700",1735050696,"DA1","contralateral","olfactory",178.992649689089,73,74
"701",1735050861,"DA1","contralateral","olfactory",102.893897768124,51,51
"702",1735054428,"DA1","contralateral","olfactory",130.635550332822,88,88
"703",1735054607,"DA1","ipsilateral","olfactory",112.236554281943,75,87
"704",1735058800,"DA1","contralateral","olfactory",100.245050548423,78,87
"705",1735378183,"DA1","ipsilateral","olfactory",97.4459176963854,65,70
"706",1735378225,"DA1","contralateral","olfactory",67.7005043290074,46,46
"707",1735378236,"DA1","contralateral","olfactory",73.2845290627529,52,53
"708",1735382530,"DA1","ipsilateral","olfactory",96.5460981855601,91,99
"709",1735382574,"DA1","ipsilateral","olfactory",64.1165442464101,66,75
"710",1735386920,"DA1","contralateral","olfactory",82.470943253332,50,50
"711",1735391275,"DA1","ipsilateral","olfactory",95.1615947912597,69,80
"712",1735395504,"DA1","ipsilateral","olfactory",89.5024645109147,66,69
"713",1735395524,"DA1","ipsilateral","olfactory",113.595511705252,66,71
"714",1758664692,"VP4","contralateral","thermo-hygro",31.3459106332822,27,33
"715",1758673652,"VM7v",NA,"olfactory",36.3214070041328,35,35
"716",1759662154,"DP1l","contralateral","olfactory",144.475385113935,91,91
"717",1759670012,"DM4","ipsilateral","olfactory",143.256248813716,88,90
"718",1760770838,"DM1","ipsilateral","olfactory",187.962048968157,114,117
"719",1761354106,"DM4","ipsilateral","olfactory",108.057734661878,77,80
"720",1761660556,"DP1m","ipsilateral","olfactory",298.786308017337,267,289
"721",1761992915,"DP1l","contralateral","olfactory",121.707645165649,74,74
"722",1762109467,"DM2","contralateral","olfactory",73.2069261924973,31,31
"723",1762320660,"VL2a","ipsilateral","olfactory",121.434163464305,107,111
"724",1762320684,"VL2a","ipsilateral","olfactory",79.5002710886694,79,82
"725",1762320698,"VL2a","contralateral","olfactory",64.8004276269786,43,43
"726",1762320708,"VL2a","contralateral","olfactory",56.9539761049821,42,46
"727",1762463737,"DM2","contralateral","olfactory",89.0619885270699,47,48
"728",1762657342,"VL2a","ipsilateral","olfactory",100.708775376715,87,89
"729",1762657390,"DL2v","ipsilateral","olfactory",236.685398320399,216,220
"730",1762661722,"DL2v","ipsilateral","olfactory",229.011347120043,199,220
"731",1762804655,"DM2","contralateral","olfactory",50.0049980075654,15,16
"732",1763136670,"DM6","contralateral","olfactory",90.348332081669,40,40
"733",1763136774,"DM6","contralateral","olfactory",79.6673361483161,42,42
"734",1763141118,"DM6","ipsilateral","olfactory",94.9499822901229,61,61
"735",1763145263,"DM6","contralateral","olfactory",65.4626296399066,41,42
"736",1763145289,"DM6","contralateral","olfactory",74.304351755025,44,44
"737",1763149978,"DM6","contralateral","olfactory",69.3194541909628,38,38
"738",1763417310,"DM6","contralateral","olfactory",95.3402690628261,46,46
"739",1763421945,"VM7v","ipsilateral","olfactory",57.8651615803265,45,45
"740",1763473480,"DM6","ipsilateral","olfactory",108.835668362108,61,61
"741",1763477766,"DM6","contralateral","olfactory",91.3700912681347,42,42
"742",1763486214,"DM6","contralateral","olfactory",104.977560699641,54,54
"743",1763693549,"DL1","ipsilateral","olfactory",105.755960684981,68,71
"744",1763823186,"DM6","contralateral","olfactory",87.7932612350458,35,36
"745",1763831814,"DM6","contralateral","olfactory",97.9937237200734,47,49
"746",1763836115,"DM6","contralateral","olfactory",82.2882094155221,51,51
"747",1764168474,"DC1","contralateral","olfactory",97.0900553591269,58,59
"748",1764427482,"DM6","ipsilateral","olfactory",104.372684046851,76,78
"749",1764431422,"DM6","ipsilateral","olfactory",96.9618294613726,50,50
"750",1764445682,"DM6","ipsilateral","olfactory",102.712001164377,61,61
"751",1764699151,"DA1","ipsilateral","olfactory",87.4657883512356,56,63
"752",1764703552,"DA1","contralateral","olfactory",115.558822560471,65,66
"753",1764764305,"DC1","ipsilateral","olfactory",150.187329960596,96,96
"754",1765040222,"DA1","ipsilateral","olfactory",131.117643325508,68,68
"755",1765044577,"DA1",NA,"olfactory",117.616843678887,82,82
"756",1765044896,"DA1","ipsilateral","olfactory",123.264009000014,70,72
"757",1765053669,"DA1","contralateral","olfactory",93.0464284548794,46,46
"758",1765101135,"DC1","ipsilateral","olfactory",247.443741588586,139,139
"759",1765101274,"DC1",NA,"olfactory",240.827006237322,112,112
"760",1765104972,"DC2","contralateral","olfactory",126.975914537902,80,80
"761",1765105564,"DC1","ipsilateral","olfactory",91.4067993547172,73,73
"762",1765109775,"DC1","ipsilateral","olfactory",191.319779837033,96,97
"763",1765381455,"DA1","ipsilateral","olfactory",101.778639633175,70,70
"764",1765386030,"DA1","ipsilateral","olfactory",122.755438370976,78,78
"765",1765398738,"DL3","ipsilateral","olfactory",110.496286586009,62,62
"766",1765403303,"DA1","ipsilateral","olfactory",129.584138021829,70,79
"767",1765446721,"DC1","ipsilateral","olfactory",226.074283672821,133,135
"768",1765727039,"DA1","contralateral","olfactory",68.8669843093259,39,41
"769",1765731259,"DA1",NA,"olfactory",95.1701216625597,57,57
"770",1766067809,"DA1","ipsilateral","olfactory",119.718146738274,64,64
"771",1766068129,"DA1","contralateral","olfactory",75.2437132441589,66,66
"772",1766068147,"DA1","ipsilateral","olfactory",121.963172212597,56,68
"773",1766068153,"DA1","contralateral","olfactory",87.6045417305615,49,49
"774",1766111002,"DC1",NA,"olfactory",118.233692027761,51,52
"775",1766409090,"DA1","contralateral","olfactory",76.5598197972229,43,47
"776",1766413024,"DA1","ipsilateral","olfactory",134.034137853037,87,95
"777",1766753982,"DA1","contralateral","olfactory",84.0842426925169,55,55
"778",1766754285,"DA1","ipsilateral","olfactory",136.110785739788,78,79
"779",1766758683,"DA1","contralateral","olfactory",88.325882347236,49,50
"780",1766762919,"DA1","ipsilateral","olfactory",96.3211044621964,63,64
"781",1789370758,"VM7v","contralateral","olfactory",87.02058702888,68,68
"782",1789695634,"VM7v","contralateral","olfactory",80.6594885163841,60,62
"783",1789742943,"DM4","contralateral","olfactory",119.467413099092,34,34
"784",1789747116,"DM4","ipsilateral","olfactory",66.9760155068524,34,34
"785",1790027507,"VP4","contralateral","thermo-hygro",55.4776289221911,39,49
"786",1790027663,"VP4","contralateral","thermo-hygro",40.3161437663712,33,42
"787",1790027860,"VP4","contralateral","thermo-hygro",28.1516368395764,18,23
"788",1790078970,"DM4","contralateral","olfactory",96.5155818834279,39,39
"789",1790079036,"DM4","contralateral","olfactory",66.2197081422881,34,35
"790",1790083460,"DM4","contralateral","olfactory",79.6415309186216,39,40
"791",1790760961,"DM1","contralateral","olfactory",184.199106386192,76,76
"792",1790770089,"DM4","ipsilateral","olfactory",72.1623536413771,38,38
"793",1791442945,"DM2","contralateral","olfactory",32.6209065227242,12,12
"794",1791784000,"DM2","ipsilateral","olfactory",115.410967023014,61,61
"795",1791784002,"DM2","contralateral","olfactory",77.2092624617448,30,30
"796",1791784004,"DM2","contralateral","olfactory",58.604573854582,23,23
"797",1791784021,"DM2","contralateral","olfactory",40.225833050615,13,13
"798",1791784044,"DM2","contralateral","olfactory",114.944943368038,56,56
"799",1792125082,"DM2","contralateral","olfactory",43.4015675472377,19,22
"800",1792461774,"DM2",NA,"olfactory",14.2638143430835,2,2
"801",1792461775,"DM2","ipsilateral","olfactory",95.2315200413936,58,60
"802",1792802753,"DM2","ipsilateral","olfactory",160.613797234909,77,77
"803",1792802765,"DM2","contralateral","olfactory",61.1845436923485,28,28
"804",1792807347,"DM4","ipsilateral","olfactory",131.487451560198,81,83
"805",1793009969,"VL2a","ipsilateral","olfactory",113.524242373157,101,101
"806",1793010029,"DP1l","ipsilateral","olfactory",219.010526274628,215,221
"807",1793010051,"DL2v","ipsilateral","olfactory",212.645395339289,204,217
"808",1793010128,"VL2a","contralateral","olfactory",79.6477142732748,44,44
"809",1793014287,"VL2a","contralateral","olfactory",39.9507143804126,38,38
"810",1793014297,"DL2d","ipsilateral","olfactory",231.613357872199,177,180
"811",1793014384,"DL2d","ipsilateral","olfactory",149.163418330398,122,131
"812",1793014435,"VL2a","ipsilateral","olfactory",129.445699758311,109,121
"813",1793014580,"DP1l","ipsilateral","olfactory",233.332824120357,215,221
"814",1793019211,"DP1l","ipsilateral","olfactory",222.63515129447,215,222
"815",1793143865,"DM2","contralateral","olfactory",86.9124149752291,40,42
"816",1793153070,"DM2","ipsilateral","olfactory",132.140649801257,76,76
"817",1793346872,"DP1l","ipsilateral","olfactory",228.677210950543,207,208
"818",1793351108,"VL2a","ipsilateral","olfactory",130.84289744078,95,95
"819",1793351123,"DL2d","ipsilateral","olfactory",198.898939134444,170,176
"820",1793489216,"DM2","contralateral","olfactory",123.807714817845,55,59
"821",1793489224,"DM2","contralateral","olfactory",85.5789611375709,38,38
"822",1793489249,"DM2","contralateral","olfactory",124.187958003551,56,56
"823",1793498041,"DM2",NA,"olfactory",12.9912558424107,5,5
"824",1793498432,"DM2","ipsilateral","olfactory",119.463060090679,66,67
"825",1793692357,"DL2v","ipsilateral","olfactory",260.009724134367,231,235
"826",1793696526,"DL2v","ipsilateral","olfactory",249.574362158459,220,226
"827",1793830155,"DM2","contralateral","olfactory",111.713106094989,58,58
"828",1793830259,"DM2","ipsilateral","olfactory",111.128446100691,57,57
"829",1793830280,"DM2","ipsilateral","olfactory",145.489575934249,73,73
"830",1793830307,"DM2","ipsilateral","olfactory",120.705543454054,61,61
"831",1794111598,"DM2",NA,"olfactory",78.6891651816091,47,47
"832",1794115672,"DM2",NA,"olfactory",128.888011870392,80,82
"833",1794119455,"DM6","ipsilateral","olfactory",97.0872789848218,57,57
"834",1794171243,"DM6","contralateral","olfactory",98.2771335387063,44,44
"835",1794171277,"DM6","contralateral","olfactory",82.5846434042922,50,50
"836",1794171596,"DM2","ipsilateral","olfactory",85.4658301007271,37,37
"837",1794374434,"DL2d","ipsilateral","olfactory",88.9050259631535,75,76
"838",1794452513,"DM2",NA,"olfactory",81.8813943225526,51,51
"839",1794543004,"DC1","contralateral","olfactory",118.011889206157,58,59
"840",1794711172,"DL2v","ipsilateral","olfactory",186.892366965098,200,206
"841",1794789355,"DM2","ipsilateral","olfactory",140.893846279589,44,44
"842",1794793680,"DM2","ipsilateral","olfactory",146.1696881529,70,70
"843",1795056456,"DL1","ipsilateral","olfactory",132.156707587316,78,78
"844",1795091692,"DC1","ipsilateral","olfactory",171.045345746905,112,113
"845",1795100335,"DC1","ipsilateral","olfactory",168.442075983333,101,101
"846",1795138938,"DM6","ipsilateral","olfactory",97.2108119305295,46,46
"847",1795402166,"DA1","ipsilateral","olfactory",90.8795396368144,60,62
"848",1795440828,"DC1","ipsilateral","olfactory",335.856422553199,147,148
"849",1795484390,"DM6","ipsilateral","olfactory",107.615587864489,65,66
"850",1795734015,"DA1","ipsilateral","olfactory",58.6508285864296,52,59
"851",1795742734,"DA1","ipsilateral","olfactory",145.970055166961,83,83
"852",1795777790,"DC1","ipsilateral","olfactory",211.920720293536,140,141
"853",1795786203,"DC1","ipsilateral","olfactory",182.431759054969,133,135
"854",1796075454,"DA1",NA,"olfactory",65.8856199728687,35,35
"855",1796075469,"DA1","contralateral","olfactory",80.0766574192944,56,57
"856",1796079753,"DA1",NA,"olfactory",64.2960589052792,34,34
"857",1796080038,"DA1","contralateral","olfactory",93.1837672997258,70,73
"858",1796416505,"DA1","ipsilateral","olfactory",127.980931608486,83,83
"859",1796420624,"DA1","contralateral","olfactory",80.9224339427261,35,35
"860",1796481518,"DC2","contralateral","olfactory",118.827919906671,66,67
"861",1796757163,"DA1","ipsilateral","olfactory",110.015067979746,65,71
"862",1796757192,"DA1","contralateral","olfactory",97.3964822687783,48,51
"863",1796757522,"DA1","contralateral","olfactory",103.542779033937,51,51
"864",1796761826,"DA1","ipsilateral","olfactory",110.24081773662,80,82
"865",1796766157,"DA1","contralateral","olfactory",95.1881052631085,47,48
"866",1797439276,"DA1","ipsilateral","olfactory",116.173637318106,61,63
"867",1797443721,"DA1","contralateral","olfactory",100.390371702292,47,48
"868",1797789401,"DA1","ipsilateral","olfactory",142.182726100767,75,77
"869",1797793830,"DA1","contralateral","olfactory",84.7961475671821,50,54
"870",1821053937,"VP4","contralateral","thermo-hygro",26.6634064694633,25,30
"871",1821054097,"VP4","contralateral","thermo-hygro",52.6919076274802,52,55
"872",1821062392,"VM7v","contralateral","olfactory",62.5510638952199,49,50
"873",1821062423,"VM7v","contralateral","olfactory",61.1297286140721,66,66
"874",1821062473,"VM7v",NA,"olfactory",84.7829890100656,95,100
"875",1821062620,"VM7v","contralateral","olfactory",77.4199530474041,52,52
"876",1821395094,"VP4","contralateral","thermo-hygro",93.6647981472735,69,72
"877",1821395351,"VP4","contralateral","thermo-hygro",60.0888523787466,36,40
"878",1821403388,"VM7v","contralateral","olfactory",68.3913183781369,69,71
"879",1821403418,"VM7v","contralateral","olfactory",77.1667483456447,65,73
"880",1822055297,"DP1l","contralateral","olfactory",124.641230806507,92,93
"881",1822055337,"DP1l","contralateral","olfactory",89.7075466347551,78,80
"882",1822055381,"DP1l","contralateral","olfactory",128.070755798746,87,89
"883",1822060683,"DP1l","contralateral","olfactory",100.86974586115,90,90
"884",1823363190,"DP1l","ipsilateral","olfactory",232.886987971398,206,212
"885",1823367829,"DP1l","contralateral","olfactory",119.633121940148,88,89
"886",1823708611,"DP1l","contralateral","olfactory",114.057585561462,82,87
"887",1823712908,"DP1l","contralateral","olfactory",135.904014098725,85,85
"888",1823713211,"DP1l","ipsilateral","olfactory",238.250536255337,215,218
"889",1823717721,"DP1l","ipsilateral","olfactory",291.589508862259,253,259
"890",1824049537,"VL2a","contralateral","olfactory",57.3241415774118,45,48
"891",1824049560,"VL2a","contralateral","olfactory",72.0061676589379,48,50
"892",1824054016,"DP1l","ipsilateral","olfactory",252.671158434603,199,201
"893",1824472937,"DM2","contralateral","olfactory",98.8096067082195,53,53
"894",1824723104,"VL2a","contralateral","olfactory",75.121047336423,39,39
"895",1824801327,"DM2",NA,"olfactory",126.502711139723,61,62
"896",1824813936,"DM2",NA,"olfactory",163.970239974072,72,73
"897",1824865496,"DM2","contralateral","olfactory",111.909594646055,41,41
"898",1825146295,"DM2","ipsilateral","olfactory",116.742478711766,54,59
"899",1825828174,"DM2",NA,"olfactory",38.2009589412115,25,25
"900",1826492720,"DM6","ipsilateral","olfactory",131.226739906585,79,79
"901",1826566083,"DM6","contralateral","olfactory",42.2306881223775,32,33
"902",1826773575,"DA1",NA,"olfactory",97.7453181972061,47,47
"903",1826773768,"DA1","ipsilateral","olfactory",172.996560832557,82,82
"904",1826773830,"DA1","contralateral","olfactory",51.8290242862001,28,29
"905",1827110060,"DA1","contralateral","olfactory",86.5302045788555,53,53
"906",1827114589,"DA1","contralateral","olfactory",80.9502581763555,52,53
"907",1827122986,"DA1",NA,"olfactory",91.6335121837032,64,64
"908",1827446803,"DA1","contralateral","olfactory",73.6010462425841,40,40
"909",1827516518,"DC2","contralateral","olfactory",148.669901787586,81,81
"910",1827516566,"DC2","ipsilateral","olfactory",177.055393669257,108,108
"911",1827633289,"DA1","contralateral","olfactory",99.8124875892379,54,54
"912",1827861908,"DC2","ipsilateral","olfactory",170.320086487918,126,132
"913",1828500243,"DL3","ipsilateral","olfactory",153.757371915674,71,72
"914",1852084817,"VP4","contralateral","thermo-hygro",31.2596782742905,28,35
"915",1852093674,"VC3l","contralateral","olfactory",91.4811768142662,53,53
"916",1852097022,"VC3l","contralateral","olfactory",89.7944916936176,43,44
"917",1852097284,"VC3l","ipsilateral","olfactory",35.6614266985058,24,24
"918",1854407104,"DP1l","ipsilateral","olfactory",231.49152374862,205,208
"919",1854536305,"DM2","ipsilateral","olfactory",131.077747815495,59,59
"920",1854876962,"DM2","contralateral","olfactory",117.120791566192,56,56
"921",1855412441,"VL2a","ipsilateral","olfactory",107.375522685181,95,95
"922",1856103073,"VL2a","contralateral","olfactory",56.456749054946,46,47
"923",1856513745,"DM2",NA,"olfactory",76.1067656499431,32,33
"924",1858162227,"DA1","ipsilateral","olfactory",105.571948708834,63,64
"925",1858486077,"DA1","ipsilateral","olfactory",94.7838497561545,58,58
"926",1858822939,"DA1","ipsilateral","olfactory",92.9897228402579,53,55
"927",1858896269,"DC2","ipsilateral","olfactory",177.297666033916,108,108
"928",1859190013,"DA1","ipsilateral","olfactory",161.377910840093,65,70
"929",1883447409,"VP4","contralateral","thermo-hygro",29.12646986524,32,35
"930",1883447515,"VP4","ipsilateral","thermo-hygro",145.619899876252,154,163
"931",1883468979,"VC3l","contralateral","olfactory",81.4654417741447,49,49
"932",1883469292,"VC3l",NA,"olfactory",63.3456136927904,29,29
"933",1883469542,"VC3l",NA,"olfactory",57.3250212671531,22,22
"934",1883469558,"VC3l","contralateral","olfactory",64.3618097745523,41,42
"935",1883469572,"VC1","contralateral","olfactory",102.560278839751,63,64
"936",1883473629,"VC1","contralateral","olfactory",123.141837840788,84,87
"937",1883783683,"VP4","contralateral","thermo-hygro",90.6285357565226,67,68
"938",1883783710,"VP4","ipsilateral","thermo-hygro",153.057148146909,105,122
"939",1883783723,"VP4","contralateral","thermo-hygro",99.1841915655954,72,72
"940",1883783769,"VP4","contralateral","thermo-hygro",89.6937270256384,55,60
"941",1883783789,"VP4","ipsilateral","thermo-hygro",193.995095364039,114,168
"942",1883783906,"VP4","ipsilateral","thermo-hygro",202.59634341033,121,134
"943",1883783945,"VP4","ipsilateral","thermo-hygro",133.377816121191,140,145
"944",1884125111,"VP4","contralateral","thermo-hygro",101.737746133038,61,68
"945",1884138473,"VP1d","unilateral","thermo-hygro",278.339415151687,197,266
"946",1885101169,"DP1l","contralateral","olfactory",100.247534760808,71,72
"947",1885765506,"VL2a","contralateral","olfactory",43.5740473465195,44,44
"948",1886447240,"VL2a","contralateral","olfactory",36.9810844611805,38,38
"949",1886788224,"VL2a","ipsilateral","olfactory",111.346249020055,93,93
"950",1886788295,"VL2a","contralateral","olfactory",51.9162221285245,32,33
"951",1886788309,"VL2a","ipsilateral","olfactory",76.6341582947938,66,67
"952",1886788314,"VL2a","ipsilateral","olfactory",110.530682664177,106,110
"953",1886788340,"VL2a","contralateral","olfactory",88.7032947620633,48,48
"954",1886788368,"VL2a","contralateral","olfactory",65.1286894177038,38,44
"955",1886788784,"VL2a","ipsilateral","olfactory",106.233689451115,91,91
"956",1887129331,"VL2a","ipsilateral","olfactory",122.412779157921,103,103
"957",1887224752,"DM2",NA,"olfactory",51.6875203329005,14,17
"958",1887466111,"VL2a","ipsilateral","olfactory",106.623984586239,97,97
"959",1887470461,"VL2a","ipsilateral","olfactory",127.708673858403,101,101
"960",1887470632,"VL2a","ipsilateral","olfactory",106.810723544005,86,86
"961",1888183031,"VP1d","unilateral","thermo-hygro",324.48226499511,220,266
"962",1888183512,"VP1d","unilateral","thermo-hygro",296.07541436761,200,234
"963",1888528200,"VP1d","unilateral","thermo-hygro",274.965039047135,200,234
"964",1888908241,"DC2","ipsilateral","olfactory",249.10437911719,128,130
"965",1889266295,"DM6","ipsilateral","olfactory",95.0947792639522,54,54
"966",1914500150,"VM7v","contralateral","olfactory",86.7124755725793,69,69
"967",1917823111,"VL2a","contralateral","olfactory",70.4386075977062,38,38
"968",1917823351,"VL2a","ipsilateral","olfactory",179.028893172427,121,121
"969",1917823571,"VL2a","ipsilateral","olfactory",88.6066862957876,80,80
"970",1918846818,"VL2a","ipsilateral","olfactory",92.5651579082449,71,72
"971",1918885778,"VP1d","unilateral","thermo-hygro",264.691995834337,207,250
"972",1918889952,"VP1d","unilateral","thermo-hygro",256.964700849013,177,229
"973",1919589289,"DC2","ipsilateral","olfactory",182.415752427481,109,109
"974",1919934500,"DC2","ipsilateral","olfactory",148.820373622674,89,90
"975",1920629312,"DC2","ipsilateral","olfactory",212.182466178974,116,116
"976",1945875433,"VC3l","contralateral","olfactory",67.2181055336564,32,32
"977",1948172360,"VL2p","ipsilateral","olfactory",173.576825831196,134,134
"978",1948512982,"VL2p","ipsilateral","olfactory",146.325059713993,132,132
"979",1948513200,"VL2p","ipsilateral","olfactory",208.041597904299,141,142
"980",1949609807,"VM7v",NA,"olfactory",85.6016110894105,51,54
"981",1949959710,"VM7v",NA,"olfactory",92.1928633629673,66,68
"982",1977208602,"VP4","ipsilateral","thermo-hygro",128.108985164432,134,141
"983",1977545462,"VP4","ipsilateral","thermo-hygro",134.414028120627,119,136
"984",1977545573,"VP4","ipsilateral","thermo-hygro",123.306368195254,132,140
"985",1977553534,"VP4","ipsilateral","thermo-hygro",203.740852267857,139,144
"986",1977597054,"VC3l","contralateral","olfactory",109.200097917471,42,42
"987",1977600880,"VC3l","ipsilateral","olfactory",133.551829273686,85,85
"988",1977890767,"VP4","ipsilateral","thermo-hygro",178.343388400009,129,135
"989",1977898840,"VP1l","unilateral","thermo-hygro",251.300013912595,241,261
"990",1977898894,"VP1l","unilateral","thermo-hygro",294.271608892077,214,225
"991",1977933882,"VC3l","contralateral","olfactory",95.5245709265003,52,53
"992",1978209738,"VL2a","contralateral","olfactory",30.3685844771333,26,32
"993",1978908720,"VP1d","unilateral","thermo-hygro",241.195701788503,192,243
"994",1979206640,"VL2p","contralateral","olfactory",70.3363137579536,36,39
"995",1979263232,"VP1m","unilateral","thermo-hygro",346.570913741957,277,303
"996",1979547954,"VL2p","ipsilateral","olfactory",153.969966726725,122,123
"997",1979888904,"VL2a","contralateral","olfactory",53.8075683681137,44,44
"998",1979888922,"VL2a","ipsilateral","olfactory",112.538011409867,80,81
"999",1979888937,"VL2a",NA,"olfactory",54.6988112290658,44,45
"1000",1979967428,"VM7v","contralateral","olfactory",89.2290371021029,62,63
"1001",1980229841,"VL2a","contralateral","olfactory",42.8436539297655,42,47
"1002",1980234505,"VL2a","contralateral","olfactory",62.3140161798099,42,46
"1003",1980234579,"VL2a","contralateral","olfactory",82.6717306134171,40,40
"1004",1980303759,"VM7v",NA,"olfactory",49.4038200221719,42,43
"1005",1980308137,"VM7v",NA,"olfactory",102.172206239622,59,60
"1006",1980312450,"VM7v",NA,"olfactory",73.0841855999232,56,60
"1007",1980575147,"VL2a","contralateral","olfactory",62.2681433800345,41,42
"1008",1980579904,"VL2a","contralateral","olfactory",72.6549140458861,49,50
"1009",1980640296,"VM7v","ipsilateral","olfactory",71.7235460364596,59,65
"1010",1980644654,"VM7v",NA,"olfactory",89.2451588302728,56,56
"1011",1980653016,"VM7v","ipsilateral","olfactory",74.6992373837472,59,62
"1012",1980920883,"VL2a","ipsilateral","olfactory",118.069920035776,104,104
"1013",1980994340,"VM7v",NA,"olfactory",90.0721389485937,77,80
"1014",2008239574,"VP4","ipsilateral","thermo-hygro",108.081633944297,122,150
"1015",2008579902,"VP4","ipsilateral","thermo-hygro",175.782302938498,108,131
"1016",2008631215,"VC3l","contralateral","olfactory",68.1024029232596,34,34
"1017",2008631840,"VC1","contralateral","olfactory",126.46993832961,87,88
"1018",2008920639,"VP4","ipsilateral","thermo-hygro",141.561417045195,153,159
"1019",2008972867,"VC3l",NA,"olfactory",12.5035937113532,8,8
"1020",2009235834,"VL2p","contralateral","olfactory",94.1084949450102,53,53
"1021",2009235843,"VL2p","contralateral","olfactory",62.5051024239764,43,43
"1022",2009235865,"VL2p","contralateral","olfactory",97.4521644649169,44,44
"1023",2009235983,"VL2a","contralateral","olfactory",56.8908866709298,36,38
"1024",2009236011,"VL2p","contralateral","olfactory",101.073472405502,51,51
"1025",2009236068,"VL2p","contralateral","olfactory",105.291065155656,51,51
"1026",2009240747,"VL2p","contralateral","olfactory",81.2745263319566,42,43
"1027",2009240803,"VL2p","contralateral","olfactory",82.9009115750974,44,44
"1028",2009240823,"VL2p","contralateral","olfactory",96.1362527627264,41,43
"1029",2009240859,"VL2a","contralateral","olfactory",89.2704931631782,44,46
"1030",2009274786,"VP1m","unilateral","thermo-hygro",305.623834625296,259,297
"1031",2009274855,"VP1m","unilateral","thermo-hygro",276.339372070362,294,325
"1032",2009309602,"VC3l","contralateral","olfactory",63.49469844861,46,46
"1033",2009576932,"VL2a","contralateral","olfactory",66.9338648786534,37,53
"1034",2009611617,"VP1m","unilateral","thermo-hygro",299.951143584959,256,310
"1035",2009611976,"VP1m","unilateral","thermo-hygro",296.442466453814,260,315
"1036",2009612004,"VP1m","unilateral","thermo-hygro",307.663328325125,280,299
"1037",2009655004,"VC3l","ipsilateral","olfactory",183.812187887563,101,102
"1038",2009953077,"VP1d","unilateral","thermo-hygro",293.704949085119,198,255
"1039",2010246349,"VL2p","ipsilateral","olfactory",140.695101382295,107,107
"1040",2010246433,"VL2p","contralateral","olfactory",113.675956862047,50,50
"1041",2010582646,"VL2p","ipsilateral","olfactory",138.579526475972,124,125
"1042",2010587163,"VL2a","contralateral","olfactory",55.0084633171992,43,43
"1043",2010595874,"VL2a","contralateral","olfactory",73.3582224803231,41,41
"1044",2010928213,"VL2a","ipsilateral","olfactory",91.0491231653546,74,74
"1045",2010928226,"VL2a","contralateral","olfactory",78.344772766313,52,52
"1046",2010928256,"VL2a","contralateral","olfactory",53.8765966357279,38,41
"1047",2010936968,"VL2a","contralateral","olfactory",71.1847709973779,40,41
"1048",2010937101,"VL2p","ipsilateral","olfactory",155.817948401648,135,138
"1049",2011264911,"VL2p","ipsilateral","olfactory",129.402820750286,117,120
"1050",2011269409,"VL2a","contralateral","olfactory",76.5059000999236,42,42
"1051",2012698272,"VC1","ipsilateral","olfactory",108.981962447024,115,118
"1052",2039623367,"VP1l","unilateral","thermo-hygro",262.928482365669,247,259
"1053",2040266092,"VL2p","contralateral","olfactory",83.7672330341035,43,43
"1054",2040270490,"VL2p","contralateral","olfactory",97.1542742958424,36,36
"1055",2040348410,"VC3l",NA,"olfactory",105.568373403485,55,58
"1056",2040348807,"VC3l",NA,"olfactory",106.09552868567,56,58
"1057",2040348896,"VC3l","ipsilateral","olfactory",156.239560726878,95,96
"1058",2040603039,"VL2a","contralateral","olfactory",79.5052805015456,46,48
"1059",2040603130,"VL2p","ipsilateral","olfactory",157.620478401055,128,134
"1060",2040677122,"VC3l","ipsilateral","olfactory",150.156515179656,82,84
"1061",2040681011,"VC3l","contralateral","olfactory",71.7621198854474,47,47
"1062",2040685505,"VC3l","ipsilateral","olfactory",111.764990465403,84,84
"1063",2040689820,"VC3l",NA,"olfactory",40.8229490457295,34,34
"1064",2040939849,"VL2p","ipsilateral","olfactory",150.048444908511,132,133
"1065",2040939889,"VL2p","ipsilateral","olfactory",159.293109935685,133,133
"1066",2040944240,"VL2a","contralateral","olfactory",82.3776904272922,51,52
"1067",2040944536,"VL2p","contralateral","olfactory",86.2383891931522,39,41
"1068",2041026442,"VC3l","ipsilateral","olfactory",180.196708465617,85,91
"1069",2041035008,"VM7v",NA,"olfactory",21.2724460110272,15,16
"1070",2041281083,"VL2p","ipsilateral","olfactory",140.302493489321,134,134
"1071",2041285477,"VL2p","ipsilateral","olfactory",139.342900549415,115,116
"1072",2041367679,"VM7v","ipsilateral","olfactory",92.6275606702165,61,66
"1073",2041962740,"VL2a","contralateral","olfactory",77.2692863754956,43,43
"1074",2041963078,"VL2a","ipsilateral","olfactory",83.7091929747852,69,69
"1075",2042644919,"VL2a","ipsilateral","olfactory",125.708745231786,82,90
"1076",2043042499,"VC1",NA,"olfactory",130.091809808494,84,84
"1077",2069320377,"VP2","unilateral","thermo-hygro",654.719912453495,456,462
"1078",2071715595,"VC3l","contralateral","olfactory",52.8619699270712,38,38
"1079",2071974975,"VL2p","ipsilateral","olfactory",142.026892086263,111,111
"1080",2072070166,"VC3l","ipsilateral","olfactory",124.977433891107,81,81
"1081",2072397710,"VC3l","contralateral","olfactory",73.8291307880336,51,54
"1082",2072657167,"VL2p","contralateral","olfactory",101.948944246496,48,48
"1083",2072661366,"VL2p","contralateral","olfactory",91.885342979639,36,36
"1084",2073049935,"VC1","contralateral","olfactory",131.596595362807,96,96
"1085",2073343163,"VL2a","contralateral","olfactory",73.9128628932337,37,40
"1086",2073386494,"VC1",NA,"olfactory",124.083191805171,85,86
"1087",2073386503,"VC1","ipsilateral","olfactory",150.943271422745,115,117
"1088",2073386507,"VC1",NA,"olfactory",121.158854548881,91,92
"1089",2073390652,"VC1","ipsilateral","olfactory",122.429437574811,86,96
"1090",2073390873,"VC1","contralateral","olfactory",92.968984620008,76,76
"1091",2073723397,"VC1","contralateral","olfactory",90.4906245288729,83,88
"1092",2073723619,"VC1","contralateral","olfactory",147.066287899362,111,113
"1093",2074033750,"VL2a","contralateral","olfactory",54.838390900832,37,37
"1094",2074413812,"VC1","contralateral","olfactory",72.4735886159004,75,75
"1095",2074720301,"VL2a","ipsilateral","olfactory",116.286859184196,89,90
"1096",2100670439,"VP3","unilateral","thermo-hygro",531.049223781911,647,689
"1097",2101685376,"VP1l","unilateral","thermo-hygro",268.965177625456,231,241
"1098",2103079192,"VC3l","ipsilateral","olfactory",132.769363591798,78,78
"1099",2103100204,"VC3l","contralateral","olfactory",89.27448639308,45,45
"1100",2103104764,"VC3l",NA,"olfactory",90.6419404647921,46,46
"1101",2103104826,"VC3l","ipsilateral","olfactory",121.384220891164,90,94
"1102",2103423940,"VC3l",NA,"olfactory",68.2067658616945,37,37
"1103",2103428527,"VC3l","ipsilateral","olfactory",126.377894450834,89,90
"1104",2103441206,"VC3l","ipsilateral","olfactory",170.334446897489,68,70
"1105",2103445501,"VC3l",NA,"olfactory",39.6280848465501,19,19
"1106",2103445598,"VC3l",NA,"olfactory",48.420292970388,19,19
"1107",2104429901,"VC1","ipsilateral","olfactory",190.893381179851,95,95
"1108",2131372466,"VP5","unilateral","thermo-hygro",209.371842131967,185,190
"1109",2131372546,"VP5","unilateral","thermo-hygro",179.98297091393,174,182
"1110",2131372734,"VP5","unilateral","thermo-hygro",184.08358473907,196,200
"1111",2131372750,"VP5","unilateral","thermo-hygro",201.72327998558,202,205
"1112",2131377138,"VP5","unilateral","thermo-hygro",201.62357799505,196,203
"1113",2131696932,"VP3","unilateral","thermo-hygro",597.874438269517,625,664
"1114",2131705304,"VP5","unilateral","thermo-hygro",196.567890575018,185,186
"1115",2131709474,"VP5","unilateral","thermo-hygro",220.113136256447,200,204
"1116",2131713897,"VP5","unilateral","thermo-hygro",187.076102309532,196,200
"1117",2132037566,"VP3","unilateral","thermo-hygro",628.979019835633,622,669
"1118",2133060479,"VP1l","unilateral","thermo-hygro",273.673655055991,242,258
"1119",2134817763,"VC3l","ipsilateral","olfactory",102.150793334304,60,60
"1120",2135145228,"VC3l","ipsilateral","olfactory",114.2916938912,92,92
"1121",2135482607,"VC3l","ipsilateral","olfactory",121.564235047047,66,66
"1122",2138849727,"VL1","unilateral","olfactory",124.170360178441,83,86
"1123",2162402915,"VP5","unilateral","thermo-hygro",161.977219554842,188,194
"1124",2162739943,"VP5","unilateral","thermo-hygro",196.776541713542,192,202
"1125",2163102697,"VP2","unilateral","thermo-hygro",537.744177775184,411,434
"1126",2165830935,"VC3l","ipsilateral","olfactory",121.430292247083,75,77
"1127",2169198172,"VL1","unilateral","olfactory",127.351950645141,75,75
"1128",2169198190,"VL1","unilateral","olfactory",134.469908977775,79,79
"1129",2169538985,"VL1","unilateral","olfactory",153.420403452743,84,84
"1130",2197158842,"VL1","unilateral","olfactory",172.965320778019,88,88
"1131",2197158864,"VL1","unilateral","olfactory",162.745051457004,77,79
"1132",2197163510,"VL1","unilateral","olfactory",118.961772516568,48,48
"1133",2197500539,"VL1","unilateral","olfactory",130.066695829944,87,92
"1134",2197841544,"VL1","unilateral","olfactory",112.968564930203,73,73
"1135",2200228723,"V","unilateral","olfactory",266.31452314422,154,168
"1136",2200228767,"V","unilateral","olfactory",242.666355340437,126,165
"1137",2200228798,"V","unilateral","olfactory",314.450275016489,172,176
"1138",2200569724,"V","unilateral","olfactory",304.364581895353,135,142
"1139",2228190346,"VL1","unilateral","olfactory",150.350414651288,86,91
"1140",2228194261,"VL1","unilateral","olfactory",100.438692009581,44,44
"1141",2228198564,"VL1","unilateral","olfactory",133.371531522682,85,85
"1142",2228202851,"VL1","unilateral","olfactory",158.086611882012,81,81
"1143",2228531013,"VL1","unilateral","olfactory",121.388990424674,71,76
"1144",2228535037,"VL1","unilateral","olfactory",144.798764339803,78,78
"1145",2228544091,"VL1","unilateral","olfactory",45.1416070658966,30,30
"1146",2228548225,"VL1","unilateral","olfactory",157.428020371829,86,89
"1147",2228885032,"VL1","unilateral","olfactory",166.851676071877,88,88
"1148",2229212992,"VL1","unilateral","olfactory",125.041142195642,75,78
"1149",2229221710,"VL1","unilateral","olfactory",122.426137219383,75,75
"1150",2229230439,"VL1","unilateral","olfactory",167.146455176554,65,65
"1151",2229558578,"VL1","unilateral","olfactory",171.835740910462,83,83
"1152",2230926964,"V","unilateral","olfactory",261.261632949039,160,168
"1153",2230931053,"V","unilateral","olfactory",295.526279865077,184,199
"1154",2230931077,"V","unilateral","olfactory",267.167143861147,142,170
"1155",2230931155,"V","unilateral","olfactory",288.284184615258,158,175
"1156",2231284881,"V","unilateral","olfactory",292.918012109502,174,184
"1157",2231289277,"V","unilateral","olfactory",349.813329113838,174,180
"1158",2231289333,"V","unilateral","olfactory",420.709101087575,181,182
"1159",2231289424,"V","unilateral","olfactory",335.801363045173,164,170
"1160",2231289459,"V","unilateral","olfactory",377.312412353081,151,168
"1161",2231289545,"V","unilateral","olfactory",257.504131558257,185,192
"1162",2231289597,"V","unilateral","olfactory",327.198909566369,164,166
"1163",2231293819,"V","unilateral","olfactory",310.82334791223,161,178
"1164",2231293853,"V","unilateral","olfactory",205.580639429816,143,165
"1165",2231298121,"V","unilateral","olfactory",310.931486375368,160,174
"1166",2231298154,"V","unilateral","olfactory",308.715919010712,154,158
"1167",2231298170,"V","unilateral","olfactory",303.681889811366,159,165
"1168",2256509698,"VP3","unilateral","thermo-hygro",193.392442570696,194,307
"1169",2259228827,"VL1","unilateral","olfactory",187.116098408428,80,83
"1170",2259241827,"VL1","unilateral","olfactory",170.068658827392,80,80
"1171",2259613201,"VM7v","ipsilateral","olfactory",82.5046704440898,55,55
"1172",2261637853,"V","unilateral","olfactory",302.490278212007,182,186
"1173",2261965878,"V","unilateral","olfactory",309.152260068358,184,188
"1174",2261970553,"V","unilateral","olfactory",345.041984801501,163,165
"1175",2261987736,"V","unilateral","olfactory",337.785634607752,175,180
"1176",2261992182,"V","unilateral","olfactory",367.996377265849,164,178
"1177",2262324036,"V","unilateral","olfactory",381.275817733505,179,182
"1178",2262324061,"V","unilateral","olfactory",338.070683598489,169,184
"1179",2262328440,"V","unilateral","olfactory",323.921239393876,180,186
"1180",2262328549,"V","unilateral","olfactory",402.683853210341,170,179
"1181",2262332862,"V","unilateral","olfactory",287.634705552335,170,182
"1182",2290303228,"V","unilateral","olfactory",273.025866515347,176,189
"1183",2291999690,"V","unilateral","olfactory",338.491323814347,152,161
"1184",2292327595,"V","unilateral","olfactory",279.852293351844,182,193
"1185",2292672665,"V","unilateral","olfactory",315.279283328237,165,169
"1186",2320655662,"V","unilateral","olfactory",268.950230361717,180,186
"1187",2320983805,"V","unilateral","olfactory",285.041768573257,180,182
"1188",2321001244,"V","unilateral","olfactory",316.146549679149,157,159
"1189",2321337738,"V","unilateral","olfactory",255.512081563676,161,176
"1190",5812992944,"VL1","unilateral","olfactory",139.860821409048,75,75
"1191",5812992945,"VL1","unilateral","olfactory",51.1850797403936,31,31
"1192",5812992948,"VL1","unilateral","olfactory",132.802338655044,79,79
"1193",5812993881,"DC4","contralateral","olfactory",126.009049107436,89,89
"1194",5812993911,"VL1","unilateral","olfactory",199.167901890039,90,90
"1195",5812994291,"DL3","contralateral","olfactory",50.1069923165401,36,36
"1196",5812995195,"DC4","contralateral","olfactory",98.5506172314309,73,73
"1197",5812995235,"DM2","ipsilateral","olfactory",160.005597541302,72,72
"1198",5812995261,"DM6","ipsilateral","olfactory",94.9780729189368,58,61
"1199",5812995265,"DM3","contralateral","olfactory",62.2138097710317,32,33
"1200",5812995278,"DM1","contralateral","olfactory",158.99460974957,69,70
"1201",5812995297,"DL2v","contralateral","olfactory",106.671569398531,110,114
"1202",5812995347,"DL1","ipsilateral","olfactory",125.297325693055,85,88
"1203",5812995356,"DA1","contralateral","olfactory",97.3750210354401,49,51
"1204",5812995402,"DA1","contralateral","olfactory",77.0123553393176,44,44
"1205",5812995431,"VL1","unilateral","olfactory",129.177571299469,70,70
"1206",5812995437,"DA1","ipsilateral","olfactory",99.1746578193594,57,58
"1207",5812995946,"DP1m","contralateral","olfactory",248.603344690929,152,152
"1208",5812995952,"DM1","contralateral","olfactory",146.458253806348,64,67
"1209",5812996056,"DP1l","ipsilateral","olfactory",223.224103179375,205,212
"1210",5812996057,"VL2p","ipsilateral","olfactory",133.078911266856,106,108
"1211",5812996058,"VL2a","ipsilateral","olfactory",85.7880984260644,74,75
"1212",5812996079,"DA1","ipsilateral","olfactory",21.5734146566601,17,21
"1213",5812996083,"DC1","contralateral","olfactory",118.759406278707,55,55
"1214",5812996088,"DL3","ipsilateral","olfactory",72.3042911765602,45,45
"1215",5812996809,"DP1l","contralateral","olfactory",100.015953212337,79,81
"1216",5812996810,"DC4","contralateral","olfactory",129.551186920445,102,102
"1217",5812996829,"VL2p","ipsilateral","olfactory",175.949855653621,143,144
"1218",5812996881,"DL3","ipsilateral","olfactory",98.4840868455545,76,80
"1219",5812996886,"DM6","ipsilateral","olfactory",128.797539151593,54,55
"1220",5812996926,"DA1","contralateral","olfactory",72.8918769748296,46,47
"1221",5812996943,"DA1","contralateral","olfactory",171.178896479489,69,69
"1222",5812997703,"DM2","contralateral","olfactory",108.270496432154,46,46
"1223",5812997711,"DM6","contralateral","olfactory",91.5330701523647,45,45
"1224",5812997715,"DM6","contralateral","olfactory",99.0676158201959,51,51
"1225",5812997727,"DM6","contralateral","olfactory",80.0821536866603,47,47
"1226",5812998432,"VL2a","ipsilateral","olfactory",83.005323353908,80,84
"1227",5812998436,"VL2a","ipsilateral","olfactory",124.395477075098,90,92
"1228",5812998437,"VL2a","ipsilateral","olfactory",85.7495997678634,84,87
"1229",5812998438,"VL2a","ipsilateral","olfactory",138.545190974734,119,123
"1230",5812998440,"VL2a","ipsilateral","olfactory",78.6093951032441,46,51
"1231",5812998445,"DP1l","ipsilateral","olfactory",208.823317932092,215,222
"1232",5812998446,"VL2a","ipsilateral","olfactory",114.855132941808,92,94
"1233",5812998466,"VL2a","ipsilateral","olfactory",85.5228554096011,84,93
"1234",5812998469,"VL2p","ipsilateral","olfactory",142.202048874328,118,118
"1235",5812999097,"VC1","contralateral","olfactory",111.759018698114,83,83
"1236",5812999215,"VC1","contralateral","olfactory",83.4562408806346,82,84
"1237",5812999623,"VP4","ipsilateral","thermo-hygro",117.205252051326,116,121
"1238",5812999627,"VP4","ipsilateral","thermo-hygro",159.893291944454,142,149
"1239",5812999707,"DP1l","contralateral","olfactory",117.17112339494,56,60
"1240",5812999764,"VL1","unilateral","olfactory",113.367159725459,73,73
"1241",5813000234,"VL2a","ipsilateral","olfactory",83.9148985979797,74,74
"1242",5813000235,"VL2a","ipsilateral","olfactory",72.570545610862,67,67
"1243",5813000237,"VL2a","ipsilateral","olfactory",100.259892816196,75,75
"1244",5813000247,"VP1l","unilateral","thermo-hygro",267.911859283904,239,249
"1245",5813000250,"VL2a","ipsilateral","olfactory",140.007336476898,96,96
"1246",5813000806,"VL1","unilateral","olfactory",143.663482974478,83,84
"1247",5813000807,"VL1","unilateral","olfactory",153.334459818581,96,96
"1248",5813002248,"VL2a","contralateral","olfactory",59.7018934387467,42,43
"1249",5813002774,"VL2p","contralateral","olfactory",86.4845462373204,49,50
"1250",5813003327,"VL2p","ipsilateral","olfactory",135.640441373003,136,144
"1251",5813003341,"VM7v","ipsilateral","olfactory",41.7390973588288,31,31
"1252",5813003357,"VL1","unilateral","olfactory",134.168505783578,54,55
"1253",5813003771,"VL1","unilateral","olfactory",151.624600239674,79,79
"1254",5813003775,"VL1","unilateral","olfactory",132.048760706366,80,80
"1255",5813003777,"VL1","unilateral","olfactory",155.288029709359,73,73
"1256",5813003778,"VL1","unilateral","olfactory",163.179972033439,95,95
"1257",5813003780,"VL1","unilateral","olfactory",149.223341232451,88,88
"1258",5813003782,"VL1","unilateral","olfactory",127.067171884618,71,72
"1259",5813004141,"VL1","unilateral","olfactory",166.45562154312,86,88
"1260",5813004144,"VL1","unilateral","olfactory",129.638808332659,95,95
"1261",5813004196,"VL1","unilateral","olfactory",150.098553093275,78,83
"1262",5813004197,"VL1","unilateral","olfactory",142.261652886872,74,74
"1263",5813004198,"VL1","unilateral","olfactory",132.982842095594,83,84
"1264",5813004600,"VL1","unilateral","olfactory",149.717627220359,84,84
"1265",5813004677,"VL1","unilateral","olfactory",129.464514657482,70,70
"1266",5813004685,"VL1","unilateral","olfactory",160.474570387804,86,86
"1267",5813004686,"VL1","unilateral","olfactory",145.350324037033,85,85
"1268",5813004690,"VL1","unilateral","olfactory",140.506210857763,73,73
"1269",5813004691,"VL1","unilateral","olfactory",139.981962970546,85,85
"1270",5813004694,"VL1","unilateral","olfactory",145.587608882065,93,93
"1271",5813004698,"VL1","unilateral","olfactory",163.69466870998,79,79
"1272",5813005071,"VL1","unilateral","olfactory",78.8764597099746,43,43
"1273",5813005072,"VL1","unilateral","olfactory",146.461273546061,79,79
"1274",5813005076,"VL1","unilateral","olfactory",241.872764805287,148,149
"1275",5813005580,"V","unilateral","olfactory",291.790856133173,156,164
"1276",5813015576,"DM4","contralateral","olfactory",106.568732313555,49,51
"1277",5813019196,"VL1","unilateral","olfactory",140.342974804911,83,83
"1278",5813019197,"VL1","unilateral","olfactory",138.89972864696,80,86
"1279",5813020395,"DL3","ipsilateral","olfactory",77.3452612833427,46,47
"1280",5813020396,"DA1","ipsilateral","olfactory",118.810393240841,77,79
"1281",5813024340,"VP2","unilateral","thermo-hygro",552.611134364742,338,363
"1282",5813024345,"VL1","unilateral","olfactory",143.320068889707,89,89
"1283",5813024346,"VL1","unilateral","olfactory",180.258899248911,101,102
"1284",5813024981,"VL2a","ipsilateral","olfactory",127.384739060437,100,105
"1285",5813024983,"VL2a","contralateral","olfactory",73.5408017589577,45,46
"1286",5813025556,"VL1","unilateral","olfactory",120.715871762496,81,81
"1287",5813025591,"VL1","unilateral","olfactory",133.518610116119,79,79
"1288",5813025594,"VL1","unilateral","olfactory",157.20592136209,79,79
"1289",5813025654,"VL1","unilateral","olfactory",135.77477269659,85,85
"1290",5813031855,"VL1","unilateral","olfactory",132.944565759161,87,87
"1291",5813034117,"VL2p","ipsilateral","olfactory",190.129573130292,140,144
"1292",5813034197,"DP1l","ipsilateral","olfactory",181.327242343058,205,209
"1293",5813034251,"VL2a","ipsilateral","olfactory",88.6922888761164,85,86
"1294",5813034301,"DP1l","ipsilateral","olfactory",204.259420181219,221,229
"1295",5813034409,"VP4","ipsilateral","thermo-hygro",135.678963899621,125,132
"1296",5813034463,"VL2a","ipsilateral","olfactory",110.385771925966,90,90
"1297",5813034676,"VL1","unilateral","olfactory",165.33485575476,80,82
"1298",5813034687,"VL1","unilateral","olfactory",185.910109909968,92,92
"1299",5813034689,"VL1","unilateral","olfactory",184.481990708427,82,82
"1300",5813034722,"VL1","unilateral","olfactory",113.621978995306,80,80
"1301",5813034753,"VL1","unilateral","olfactory",159.34520179497,79,79
"1302",5813034811,"V","unilateral","olfactory",298.544419399538,175,177
"1303",5813039011,"DL2v","ipsilateral","olfactory",184.351206109652,191,206
"1304",5813039012,"DP1m","contralateral","olfactory",238.6553980491,140,140
"1305",5813039013,"DM1","contralateral","olfactory",174.608060128242,82,89
"1306",5813039311,"VL1","unilateral","olfactory",53.7249144859883,41,41
"1307",5813041075,"DM2",NA,"olfactory",89.9923992435123,43,43
"1308",5813041479,"DM6","ipsilateral","olfactory",112.51159824805,56,57
"1309",5813046796,"V","unilateral","olfactory",349.515567560194,168,175
"1310",5813047527,"DL2d","ipsilateral","olfactory",205.259429572663,201,203
"1311",5813049298,"VL1","unilateral","olfactory",165.533167473084,96,96
"1312",5813050676,"VC3l","ipsilateral","olfactory",165.124427672347,77,79
"1313",5813054710,"DM1","ipsilateral","olfactory",229.643882268957,116,116
"1314",5813054729,"DA1","ipsilateral","olfactory",104.894222381313,76,79
"1315",5813054760,"DM1","contralateral","olfactory",124.479894051329,51,58
"1316",5813054967,"VM7v",NA,"olfactory",61.2578499221128,52,52
"1317",5813056642,"DM2","contralateral","olfactory",63.9074231279409,17,17
"1318",5813060170,"DM1","contralateral","olfactory",128.89078004605,64,67
"1319",5813062184,"DM4","contralateral","olfactory",108.728814855886,53,53
"1320",5813066988,"VP1d","unilateral","thermo-hygro",247.738006073913,195,241
"1321",5813068351,"VL1","unilateral","olfactory",123.896725379864,80,80
"1322",5813068997,"VL1","unilateral","olfactory",133.70703505532,83,83
"1323",5813069348,"VL2p","contralateral","olfactory",64.0249126495572,39,40
"1324",5813069942,"VL1","unilateral","olfactory",160.93744725017,81,81
"1325",5813077757,"VL2a","ipsilateral","olfactory",139.866462615937,113,113
"1326",5813077826,"VC1","ipsilateral","olfactory",146.690416897606,88,91
"1327",5813077829,"VL1","unilateral","olfactory",130.186122374486,72,72
"1328",5813082964,"DL3","ipsilateral","olfactory",132.275286180542,79,81
"1329",5813083386,"DA1","contralateral","olfactory",37.4354746938336,30,33
"1330",5813083541,"DM6","contralateral","olfactory",90.0225390613615,46,46
"1331",5813085919,"DM2","ipsilateral","olfactory",129.723778934539,63,63
"1332",5813087898,"DM6","contralateral","olfactory",96.2208315975192,42,42
"1333",5813089348,"DM4","contralateral","olfactory",117.542767212937,46,46
"1334",5813125248,"VL2a","ipsilateral","olfactory",146.094599686095,104,104
"1335",5813129668,"DM6","ipsilateral","olfactory",97.0351436551051,57,57
"1336",5813132919,"DL1","contralateral","olfactory",43.9480748941928,27,27
"1337",5813133404,"DL3","ipsilateral","olfactory",84.8230710267636,50,50
"1338",5813134848,"DA1","contralateral","olfactory",89.1468084239491,53,53
"1339",5901193506,"DM3","contralateral","olfactory",88.274126272425,28,28
"1340",5901201372,"DM3","contralateral","olfactory",84.960524320301,31,31
"1341",5901202939,"VP4","contralateral","thermo-hygro",43.6220782419917,40,41
"1342",5901204334,"DA1","contralateral","olfactory",65.9831453866115,39,39
"1343",5901204564,"DA1","ipsilateral","olfactory",92.6393017765146,57,58
"1344",5901204637,"DL3","ipsilateral","olfactory",45.2413870606895,28,29
"1345",5901204684,"DL2v","ipsilateral","olfactory",228.610967616982,226,238
"1346",5901206094,"DL3","contralateral","olfactory",36.7890336542015,43,46
"1347",5901206814,"DL4","contralateral","olfactory",68.6459633882709,34,34
"1348",5901210175,"DL4","ipsilateral","olfactory",65.3987540797342,50,51
"1349",5901210481,"DA1","contralateral","olfactory",105.053218273183,53,54
"1350",5901221329,"VL2p","ipsilateral","olfactory",145.706520515107,112,112
